month,town,flat_type,block,street_name,storey_range,floor_area_sqm,flat_model,lease_commence_date,resale_price,remaining_lease,remaining_lease_years,remaining_lease_months,remaining_lease_computed,is_anomaly,anomaly_reason,lower_bound,upper_bound,direction
2016-12,KALLANG/WHAMPOA,3 ROOM,57,JLN MA'MOR,01 TO 03,259.0,TERRACE,1972,1150000.0,54.0,44,4,44 years 4 months,True,price_outlier_iqr_town_flattype,206063.5,498227.5,above upper (high)
2016-08,KALLANG/WHAMPOA,5 ROOM,8,BOON KENG RD,28 TO 30,119.0,DBSS,2011,1100000.0,93.0,83,4,83 years 4 months,True,price_outlier_iqr_town_flattype,417500.0,997500.0,above upper (high)
2014-10,BISHAN,EXECUTIVE,194,BISHAN ST 13,22 TO 24,150.0,MAISONETTE,1987,1088888.0,,59,4,59 years 4 months,True,price_outlier_iqr_town_flattype,690500.0,1030500.0,above upper (high)
2015-03,KALLANG/WHAMPOA,3 ROOM,53,JLN MA'MOR,01 TO 03,280.0,TERRACE,1972,1060000.0,56.0,44,4,44 years 4 months,True,price_outlier_iqr_town_flattype,206063.5,498227.5,above upper (high)
2013-11,BISHAN,EXECUTIVE,190,BISHAN ST 13,19 TO 21,150.0,MAISONETTE,1987,1050000.0,,59,4,59 years 4 months,True,price_outlier_iqr_town_flattype,690500.0,1030500.0,above upper (high)
2016-08,BISHAN,EXECUTIVE,187,BISHAN ST 13,07 TO 09,153.0,MAISONETTE,1987,1050000.0,69.0,59,4,59 years 4 months,True,price_outlier_iqr_town_flattype,690500.0,1030500.0,above upper (high)
2015-04,BISHAN,EXECUTIVE,192,BISHAN ST 13,22 TO 24,149.0,MAISONETTE,1987,1050000.0,71.0,59,4,59 years 4 months,True,price_outlier_iqr_town_flattype,690500.0,1030500.0,above upper (high)
2016-10,BISHAN,5 ROOM,273B,BISHAN ST 24,40 TO 42,120.0,DBSS,2011,1038000.0,93.0,83,4,83 years 4 months,True,price_outlier_iqr_town_flattype,508610.0,916434.0,above upper (high)
2016-05,KALLANG/WHAMPOA,5 ROOM,9,BOON KENG RD,40 TO 42,119.0,DBSS,2011,1028000.0,93.0,83,4,83 years 4 months,True,price_outlier_iqr_town_flattype,417500.0,997500.0,above upper (high)
2016-07,KALLANG/WHAMPOA,5 ROOM,7,BOON KENG RD,31 TO 33,117.0,DBSS,2011,1025000.0,93.0,83,4,83 years 4 months,True,price_outlier_iqr_town_flattype,417500.0,997500.0,above upper (high)
2013-04,KALLANG/WHAMPOA,3 ROOM,65,JLN MA'MOR,01 TO 03,266.0,TERRACE,1972,1020000.0,,44,4,44 years 4 months,True,price_outlier_iqr_town_flattype,206063.5,498227.5,above upper (high)
2016-08,CLEMENTI,5 ROOM,441A,CLEMENTI AVE 3,16 TO 18,116.0,IMPROVED,2012,1005000.0,94.0,84,4,84 years 4 months,True,price_outlier_iqr_town_flattype,515000.0,875000.0,above upper (high)
2016-03,KALLANG/WHAMPOA,5 ROOM,8,BOON KENG RD,40 TO 42,119.0,DBSS,2011,1004888.0,93.0,83,4,83 years 4 months,True,price_outlier_iqr_town_flattype,417500.0,997500.0,above upper (high)
2016-11,KALLANG/WHAMPOA,5 ROOM,7,BOON KENG RD,25 TO 27,117.0,DBSS,2011,1000000.0,93.0,83,4,83 years 4 months,True,price_outlier_iqr_town_flattype,417500.0,997500.0,above upper (high)
2016-11,BISHAN,5 ROOM,273B,BISHAN ST 24,34 TO 36,120.0,DBSS,2011,995000.0,93.0,83,4,83 years 4 months,True,price_outlier_iqr_town_flattype,508610.0,916434.0,above upper (high)
2013-11,KALLANG/WHAMPOA,3 ROOM,59,JLN MA'MOR,01 TO 03,180.0,TERRACE,1972,993888.0,,44,4,44 years 4 months,True,price_outlier_iqr_town_flattype,206063.5,498227.5,above upper (high)
2012-08,KALLANG/WHAMPOA,3 ROOM,65,JLN MA'MOR,01 TO 03,249.0,TERRACE,1972,988888.0,,44,4,44 years 4 months,True,price_outlier_iqr_town_flattype,206063.5,498227.5,above upper (high)
2016-09,ANG MO KIO,5 ROOM,588C,ANG MO KIO ST 52,28 TO 30,120.0,DBSS,2011,980000.0,93.0,83,4,83 years 4 months,True,price_outlier_iqr_town_flattype,447500.0,867500.0,above upper (high)
2016-04,QUEENSTOWN,4 ROOM,43,STIRLING RD,01 TO 03,108.0,TERRACE,1968,980000.0,51.0,40,4,40 years 4 months,True,price_outlier_iqr_town_flattype,472500.0,892500.0,above upper (high)
2016-11,BISHAN,5 ROOM,275A,BISHAN ST 24,16 TO 18,120.0,DBSS,2011,980000.0,93.0,83,4,83 years 4 months,True,price_outlier_iqr_town_flattype,508610.0,916434.0,above upper (high)
2016-09,BISHAN,5 ROOM,273A,BISHAN ST 24,22 TO 24,120.0,DBSS,2011,970000.0,93.0,83,4,83 years 4 months,True,price_outlier_iqr_town_flattype,508610.0,916434.0,above upper (high)
2016-06,CLEMENTI,5 ROOM,425,CLEMENTI AVE 1,28 TO 30,117.0,IMPROVED,2013,960000.0,96.0,85,4,85 years 4 months,True,price_outlier_iqr_town_flattype,515000.0,875000.0,above upper (high)
2016-10,BISHAN,5 ROOM,275A,BISHAN ST 24,22 TO 24,120.0,DBSS,2011,960000.0,93.0,83,4,83 years 4 months,True,price_outlier_iqr_town_flattype,508610.0,916434.0,above upper (high)
2015-06,KALLANG/WHAMPOA,3 ROOM,60,JLN BAHAGIA,01 TO 03,241.0,TERRACE,1972,958000.0,56.0,44,4,44 years 4 months,True,price_outlier_iqr_town_flattype,206063.5,498227.5,above upper (high)
2016-10,BISHAN,5 ROOM,273A,BISHAN ST 24,34 TO 36,120.0,DBSS,2011,950000.0,93.0,83,4,83 years 4 months,True,price_outlier_iqr_town_flattype,508610.0,916434.0,above upper (high)
2016-05,QUEENSTOWN,4 ROOM,43,STIRLING RD,01 TO 03,111.0,TERRACE,1968,940000.0,51.0,40,4,40 years 4 months,True,price_outlier_iqr_town_flattype,472500.0,892500.0,above upper (high)
2014-08,KALLANG/WHAMPOA,3 ROOM,63,JLN MA'MOR,01 TO 03,118.0,TERRACE,1972,940000.0,,44,4,44 years 4 months,True,price_outlier_iqr_town_flattype,206063.5,498227.5,above upper (high)
2014-12,ANG MO KIO,EXECUTIVE,611,ANG MO KIO AVE 5,10 TO 12,178.0,ADJOINED FLAT,1980,938000.0,,52,4,52 years 4 months,True,price_outlier_iqr_town_flattype,701375.0,890375.0,above upper (high)
2013-01,BUKIT BATOK,EXECUTIVE,289D,BT BATOK ST 25,04 TO 06,165.0,MAISONETTE,1997,938000.0,,69,4,69 years 4 months,True,price_outlier_iqr_town_flattype,487000.0,815000.0,above upper (high)
2016-02,BEDOK,EXECUTIVE,108,LENGKONG TIGA,07 TO 09,146.0,MAISONETTE,1989,935000.0,72.0,61,4,61 years 4 months,True,price_outlier_iqr_town_flattype,526250.0,868250.0,above upper (high)
2013-09,ANG MO KIO,EXECUTIVE,154,ANG MO KIO AVE 5,10 TO 12,163.0,ADJOINED FLAT,1981,928000.0,,53,4,53 years 4 months,True,price_outlier_iqr_town_flattype,701375.0,890375.0,above upper (high)
2014-06,KALLANG/WHAMPOA,3 ROOM,64,JLN MA'MOR,01 TO 03,126.0,TERRACE,1972,928000.0,,44,4,44 years 4 months,True,price_outlier_iqr_town_flattype,206063.5,498227.5,above upper (high)
2016-12,BISHAN,5 ROOM,273B,BISHAN ST 24,13 TO 15,120.0,DBSS,2011,928000.0,93.0,83,4,83 years 4 months,True,price_outlier_iqr_town_flattype,508610.0,916434.0,above upper (high)
2016-09,BEDOK,EXECUTIVE,108,LENGKONG TIGA,04 TO 06,146.0,MAISONETTE,1989,925000.0,71.0,61,4,61 years 4 months,True,price_outlier_iqr_town_flattype,526250.0,868250.0,above upper (high)
2013-06,BISHAN,5 ROOM,192,BISHAN ST 13,19 TO 21,120.0,IMPROVED,1987,920000.0,,59,4,59 years 4 months,True,price_outlier_iqr_town_flattype,508610.0,916434.0,above upper (high)
2016-12,BISHAN,5 ROOM,275A,BISHAN ST 24,07 TO 09,120.0,DBSS,2011,920000.0,93.0,83,4,83 years 4 months,True,price_outlier_iqr_town_flattype,508610.0,916434.0,above upper (high)
2013-10,HOUGANG,EXECUTIVE,237,HOUGANG ST 21,10 TO 12,148.0,MAISONETTE,1984,920000.0,,56,4,56 years 4 months,True,price_outlier_iqr_town_flattype,457500.0,877500.0,above upper (high)
2016-08,CLEMENTI,5 ROOM,416,CLEMENTI AVE 1,34 TO 36,117.0,IMPROVED,2013,918888.0,96.0,85,4,85 years 4 months,True,price_outlier_iqr_town_flattype,515000.0,875000.0,above upper (high)
2012-12,KALLANG/WHAMPOA,EXECUTIVE,46,BENDEMEER RD,19 TO 21,146.0,APARTMENT,1994,918000.0,,66,4,66 years 4 months,True,price_outlier_iqr_town_flattype,637500.0,897500.0,above upper (high)
2016-04,ANG MO KIO,EXECUTIVE,346,ANG MO KIO AVE 3,04 TO 06,174.0,ADJOINED FLAT,1978,915000.0,61.0,50,4,50 years 4 months,True,price_outlier_iqr_town_flattype,701375.0,890375.0,above upper (high)
2015-09,ANG MO KIO,5 ROOM,310B,ANG MO KIO AVE 1,22 TO 24,121.0,IMPROVED,2012,910000.0,96.0,84,4,84 years 4 months,True,price_outlier_iqr_town_flattype,447500.0,867500.0,above upper (high)
2016-09,ANG MO KIO,5 ROOM,588A,ANG MO KIO ST 52,25 TO 27,112.0,DBSS,2011,905000.0,93.0,83,4,83 years 4 months,True,price_outlier_iqr_town_flattype,447500.0,867500.0,above upper (high)
2016-09,CLEMENTI,5 ROOM,416,CLEMENTI AVE 1,22 TO 24,113.0,IMPROVED,2013,900000.0,96.0,85,4,85 years 4 months,True,price_outlier_iqr_town_flattype,515000.0,875000.0,above upper (high)
2013-10,ANG MO KIO,EXECUTIVE,457,ANG MO KIO AVE 10,13 TO 15,175.0,ADJOINED FLAT,1980,900000.0,,52,4,52 years 4 months,True,price_outlier_iqr_town_flattype,701375.0,890375.0,above upper (high)
2012-10,HOUGANG,EXECUTIVE,237,HOUGANG ST 21,10 TO 12,147.0,APARTMENT,1984,900000.0,,56,4,56 years 4 months,True,price_outlier_iqr_town_flattype,457500.0,877500.0,above upper (high)
2015-12,CLEMENTI,4 ROOM,441A,CLEMENTI AVE 3,34 TO 36,93.0,MODEL A,2012,900000.0,95.0,84,4,84 years 4 months,True,price_outlier_iqr_town_flattype,313125.0,708125.0,above upper (high)
2016-06,CLEMENTI,4 ROOM,441B,CLEMENTI AVE 3,22 TO 24,96.0,MODEL A,2012,900000.0,95.0,84,4,84 years 4 months,True,price_outlier_iqr_town_flattype,313125.0,708125.0,above upper (high)
2014-05,KALLANG/WHAMPOA,3 ROOM,65,JLN MA'MOR,01 TO 03,126.0,TERRACE,1972,900000.0,,44,4,44 years 4 months,True,price_outlier_iqr_town_flattype,206063.5,498227.5,above upper (high)
2016-10,ANG MO KIO,5 ROOM,310B,ANG MO KIO AVE 1,16 TO 18,121.0,IMPROVED,2012,898000.0,94.0,84,4,84 years 4 months,True,price_outlier_iqr_town_flattype,447500.0,867500.0,above upper (high)
2016-07,CLEMENTI,5 ROOM,425,CLEMENTI AVE 1,37 TO 39,113.0,IMPROVED,2013,890000.0,96.0,85,4,85 years 4 months,True,price_outlier_iqr_town_flattype,515000.0,875000.0,above upper (high)
2015-12,CLEMENTI,4 ROOM,441B,CLEMENTI AVE 3,37 TO 39,96.0,MODEL A,2012,888888.0,95.0,84,4,84 years 4 months,True,price_outlier_iqr_town_flattype,313125.0,708125.0,above upper (high)
2016-10,ANG MO KIO,5 ROOM,588D,ANG MO KIO ST 52,16 TO 18,117.0,DBSS,2011,888000.0,93.0,83,4,83 years 4 months,True,price_outlier_iqr_town_flattype,447500.0,867500.0,above upper (high)
2016-10,ANG MO KIO,5 ROOM,588A,ANG MO KIO ST 52,28 TO 30,112.0,DBSS,2011,888000.0,93.0,83,4,83 years 4 months,True,price_outlier_iqr_town_flattype,447500.0,867500.0,above upper (high)
2015-11,CLEMENTI,5 ROOM,114,CLEMENTI ST 13,04 TO 06,142.0,MODEL A-MAISONETTE,1984,888000.0,67.0,56,4,56 years 4 months,True,price_outlier_iqr_town_flattype,515000.0,875000.0,above upper (high)
2015-08,CLEMENTI,5 ROOM,114,CLEMENTI ST 13,04 TO 06,154.0,MODEL A-MAISONETTE,1984,888000.0,68.0,56,4,56 years 4 months,True,price_outlier_iqr_town_flattype,515000.0,875000.0,above upper (high)
2016-12,ANG MO KIO,5 ROOM,310A,ANG MO KIO AVE 1,28 TO 30,121.0,IMPROVED,2012,888000.0,94.0,84,4,84 years 4 months,True,price_outlier_iqr_town_flattype,447500.0,867500.0,above upper (high)
2015-12,ANG MO KIO,5 ROOM,310A,ANG MO KIO AVE 1,07 TO 09,119.0,IMPROVED,2012,888000.0,95.0,84,4,84 years 4 months,True,price_outlier_iqr_town_flattype,447500.0,867500.0,above upper (high)
2016-01,QUEENSTOWN,3 ROOM,50,STIRLING RD,01 TO 03,102.0,TERRACE,1968,880000.0,51.0,40,4,40 years 4 months,True,price_outlier_iqr_town_flattype,193937.5,563637.5,above upper (high)
2016-10,ANG MO KIO,5 ROOM,588C,ANG MO KIO ST 52,16 TO 18,117.0,DBSS,2011,880000.0,93.0,83,4,83 years 4 months,True,price_outlier_iqr_town_flattype,447500.0,867500.0,above upper (high)
2016-11,CLEMENTI,5 ROOM,416,CLEMENTI AVE 1,28 TO 30,113.0,IMPROVED,2013,880000.0,95.0,85,4,85 years 4 months,True,price_outlier_iqr_town_flattype,515000.0,875000.0,above upper (high)
2016-10,ANG MO KIO,5 ROOM,588B,ANG MO KIO ST 52,19 TO 21,117.0,DBSS,2011,880000.0,93.0,83,4,83 years 4 months,True,price_outlier_iqr_town_flattype,447500.0,867500.0,above upper (high)
2012-11,TAMPINES,EXECUTIVE,149,TAMPINES ST 12,07 TO 09,150.0,MAISONETTE,1984,880000.0,,56,4,56 years 4 months,True,price_outlier_iqr_town_flattype,535000.0,815000.0,above upper (high)
2012-06,BEDOK,EXECUTIVE,10D,BEDOK STH AVE 2,19 TO 21,145.0,APARTMENT,1995,880000.0,,67,4,67 years 4 months,True,price_outlier_iqr_town_flattype,526250.0,868250.0,above upper (high)
2016-02,KALLANG/WHAMPOA,4 ROOM,9,BOON KENG RD,37 TO 39,95.0,DBSS,2011,880000.0,94.0,83,4,83 years 4 months,True,price_outlier_iqr_town_flattype,262500.0,842500.0,above upper (high)
2016-01,ANG MO KIO,5 ROOM,259,ANG MO KIO AVE 2,22 TO 24,135.0,MODEL A,1982,880000.0,65.0,54,4,54 years 4 months,True,price_outlier_iqr_town_flattype,447500.0,867500.0,above upper (high)
2013-06,BEDOK,EXECUTIVE,106,LENGKONG TIGA,07 TO 09,154.0,MAISONETTE,1989,880000.0,,61,4,61 years 4 months,True,price_outlier_iqr_town_flattype,526250.0,868250.0,above upper (high)
2016-05,ANG MO KIO,5 ROOM,310B,ANG MO KIO AVE 1,13 TO 15,121.0,IMPROVED,2012,880000.0,95.0,84,4,84 years 4 months,True,price_outlier_iqr_town_flattype,447500.0,867500.0,above upper (high)
2015-10,ANG MO KIO,5 ROOM,310B,ANG MO KIO AVE 1,10 TO 12,121.0,IMPROVED,2012,878000.0,95.0,84,4,84 years 4 months,True,price_outlier_iqr_town_flattype,447500.0,867500.0,above upper (high)
2015-02,KALLANG/WHAMPOA,3 ROOM,55,JLN BAHAGIA,01 TO 03,104.0,TERRACE,1972,875000.0,56.0,44,4,44 years 4 months,True,price_outlier_iqr_town_flattype,206063.5,498227.5,above upper (high)
2016-11,ANG MO KIO,5 ROOM,588B,ANG MO KIO ST 52,16 TO 18,120.0,DBSS,2011,870000.0,93.0,83,4,83 years 4 months,True,price_outlier_iqr_town_flattype,447500.0,867500.0,above upper (high)
2013-04,KALLANG/WHAMPOA,3 ROOM,64,JLN MA'MOR,01 TO 03,126.0,TERRACE,1972,868000.0,,44,4,44 years 4 months,True,price_outlier_iqr_town_flattype,206063.5,498227.5,above upper (high)
2016-04,ANG MO KIO,5 ROOM,310A,ANG MO KIO AVE 1,07 TO 09,119.0,IMPROVED,2012,867900.0,95.0,84,4,84 years 4 months,True,price_outlier_iqr_town_flattype,447500.0,867500.0,above upper (high)
2016-08,QUEENSTOWN,3 ROOM,50,STIRLING RD,01 TO 03,102.0,TERRACE,1968,860000.0,50.0,40,4,40 years 4 months,True,price_outlier_iqr_town_flattype,193937.5,563637.5,above upper (high)
2012-06,PASIR RIS,EXECUTIVE,157,PASIR RIS ST 13,07 TO 09,189.0,MAISONETTE,1995,860000.0,,67,4,67 years 4 months,True,price_outlier_iqr_town_flattype,437500.0,817500.0,above upper (high)
2016-07,WOODLANDS,EXECUTIVE,835,WOODLANDS ST 83,10 TO 12,189.0,APARTMENT,1994,855000.0,76.0,66,4,66 years 4 months,True,price_outlier_iqr_town_flattype,409250.0,811250.0,above upper (high)
2012-10,KALLANG/WHAMPOA,3 ROOM,54,JLN MA'MOR,01 TO 03,103.0,TERRACE,1972,852000.0,,44,4,44 years 4 months,True,price_outlier_iqr_town_flattype,206063.5,498227.5,above upper (high)
2013-04,KALLANG/WHAMPOA,3 ROOM,57,JLN MA'MOR,01 TO 03,92.0,TERRACE,1972,851000.0,,44,4,44 years 4 months,True,price_outlier_iqr_town_flattype,206063.5,498227.5,above upper (high)
2016-04,KALLANG/WHAMPOA,4 ROOM,9,BOON KENG RD,34 TO 36,95.0,DBSS,2011,850000.0,93.0,83,4,83 years 4 months,True,price_outlier_iqr_town_flattype,262500.0,842500.0,above upper (high)
2014-07,KALLANG/WHAMPOA,3 ROOM,60,JLN BAHAGIA,01 TO 03,103.0,TERRACE,1972,850000.0,,44,4,44 years 4 months,True,price_outlier_iqr_town_flattype,206063.5,498227.5,above upper (high)
2013-09,WOODLANDS,EXECUTIVE,331,WOODLANDS AVE 1,10 TO 12,192.0,APARTMENT,1994,850000.0,,66,4,66 years 4 months,True,price_outlier_iqr_town_flattype,409250.0,811250.0,above upper (high)
2015-08,QUEENSTOWN,3 ROOM,56,STIRLING RD,01 TO 03,112.0,TERRACE,1968,850000.0,51.0,40,4,40 years 4 months,True,price_outlier_iqr_town_flattype,193937.5,563637.5,above upper (high)
2015-11,WOODLANDS,EXECUTIVE,835,WOODLANDS ST 83,07 TO 09,189.0,APARTMENT,1994,850000.0,77.0,66,4,66 years 4 months,True,price_outlier_iqr_town_flattype,409250.0,811250.0,above upper (high)
2016-04,CLEMENTI,4 ROOM,441A,CLEMENTI AVE 3,07 TO 09,92.0,MODEL A,2012,850000.0,95.0,84,4,84 years 4 months,True,price_outlier_iqr_town_flattype,313125.0,708125.0,above upper (high)
2015-11,CLEMENTI,4 ROOM,441B,CLEMENTI AVE 3,22 TO 24,87.0,MODEL A,2012,850000.0,95.0,84,4,84 years 4 months,True,price_outlier_iqr_town_flattype,313125.0,708125.0,above upper (high)
2015-08,KALLANG/WHAMPOA,3 ROOM,38,JLN BAHAGIA,01 TO 03,83.0,TERRACE,1972,845888.0,55.0,44,4,44 years 4 months,True,price_outlier_iqr_town_flattype,206063.5,498227.5,above upper (high)
2015-12,WOODLANDS,EXECUTIVE,830,WOODLANDS ST 83,10 TO 12,192.0,APARTMENT,1994,845000.0,77.0,66,4,66 years 4 months,True,price_outlier_iqr_town_flattype,409250.0,811250.0,above upper (high)
2016-05,CLEMENTI,4 ROOM,441B,CLEMENTI AVE 3,25 TO 27,96.0,MODEL A,2012,845000.0,95.0,84,4,84 years 4 months,True,price_outlier_iqr_town_flattype,313125.0,708125.0,above upper (high)
2012-11,TAMPINES,EXECUTIVE,151,TAMPINES ST 12,07 TO 09,150.0,MAISONETTE,1984,840000.0,,56,4,56 years 4 months,True,price_outlier_iqr_town_flattype,535000.0,815000.0,above upper (high)
2014-08,BUKIT BATOK,EXECUTIVE,289C,BT BATOK ST 25,01 TO 03,165.0,MAISONETTE,1997,840000.0,,69,4,69 years 4 months,True,price_outlier_iqr_town_flattype,487000.0,815000.0,above upper (high)
2012-10,PASIR RIS,EXECUTIVE,604,ELIAS RD,13 TO 15,154.0,APARTMENT,1995,840000.0,,67,4,67 years 4 months,True,price_outlier_iqr_town_flattype,437500.0,817500.0,above upper (high)
2016-08,CLEMENTI,4 ROOM,425,CLEMENTI AVE 1,34 TO 36,99.0,MODEL A,2013,840000.0,96.0,85,4,85 years 4 months,True,price_outlier_iqr_town_flattype,313125.0,708125.0,above upper (high)
2012-01,PASIR RIS,EXECUTIVE,130,PASIR RIS ST 11,07 TO 09,188.0,MAISONETTE,1994,840000.0,,66,4,66 years 4 months,True,price_outlier_iqr_town_flattype,437500.0,817500.0,above upper (high)
2015-06,KALLANG/WHAMPOA,3 ROOM,50,JLN BAHAGIA,01 TO 03,88.0,TERRACE,1972,838000.0,56.0,44,4,44 years 4 months,True,price_outlier_iqr_town_flattype,206063.5,498227.5,above upper (high)
2013-07,BUKIT BATOK,EXECUTIVE,289B,BT BATOK ST 25,13 TO 15,144.0,APARTMENT,1997,838000.0,,69,4,69 years 4 months,True,price_outlier_iqr_town_flattype,487000.0,815000.0,above upper (high)
2014-03,KALLANG/WHAMPOA,3 ROOM,41,JLN BAHAGIA,01 TO 03,92.0,TERRACE,1972,835000.0,,44,4,44 years 4 months,True,price_outlier_iqr_town_flattype,206063.5,498227.5,above upper (high)
2016-12,PUNGGOL,5 ROOM,270A,PUNGGOL FIELD,16 TO 18,149.0,PREMIUM APARTMENT LOFT,2013,835000.0,95.0,85,4,85 years 4 months,True,price_outlier_iqr_town_flattype,315000.0,675000.0,above upper (high)
2013-04,TAMPINES,EXECUTIVE,149,TAMPINES ST 12,07 TO 09,150.0,MAISONETTE,1984,835000.0,,56,4,56 years 4 months,True,price_outlier_iqr_town_flattype,535000.0,815000.0,above upper (high)
2016-11,KALLANG/WHAMPOA,3 ROOM,50,JLN BAHAGIA,01 TO 03,89.0,TERRACE,1972,833000.0,54.0,44,4,44 years 4 months,True,price_outlier_iqr_town_flattype,206063.5,498227.5,above upper (high)
2012-01,KALLANG/WHAMPOA,3 ROOM,57,JLN MA'MOR,01 TO 03,128.0,TERRACE,1972,830888.0,,44,4,44 years 4 months,True,price_outlier_iqr_town_flattype,206063.5,498227.5,above upper (high)
2013-06,WOODLANDS,EXECUTIVE,808,WOODLANDS ST 81,04 TO 06,189.0,APARTMENT,1994,830000.0,,66,4,66 years 4 months,True,price_outlier_iqr_town_flattype,409250.0,811250.0,above upper (high)
2013-06,TAMPINES,EXECUTIVE,148,TAMPINES AVE 5,04 TO 06,150.0,MAISONETTE,1985,825000.0,,57,4,57 years 4 months,True,price_outlier_iqr_town_flattype,535000.0,815000.0,above upper (high)
2012-06,KALLANG/WHAMPOA,3 ROOM,46,JLN BAHAGIA,01 TO 03,92.0,TERRACE,1972,825000.0,,44,4,44 years 4 months,True,price_outlier_iqr_town_flattype,206063.5,498227.5,above upper (high)
2016-05,KALLANG/WHAMPOA,3 ROOM,65,JLN MA'MOR,01 TO 03,127.0,TERRACE,1972,820000.0,55.0,44,4,44 years 4 months,True,price_outlier_iqr_town_flattype,206063.5,498227.5,above upper (high)
2013-05,TAMPINES,EXECUTIVE,149,TAMPINES ST 12,07 TO 09,148.0,APARTMENT,1984,820000.0,,56,4,56 years 4 months,True,price_outlier_iqr_town_flattype,535000.0,815000.0,above upper (high)
2012-10,PASIR RIS,EXECUTIVE,534,PASIR RIS DR 1,07 TO 09,148.0,MAISONETTE,1992,820000.0,,64,4,64 years 4 months,True,price_outlier_iqr_town_flattype,437500.0,817500.0,above upper (high)
2013-11,WOODLANDS,EXECUTIVE,805,WOODLANDS ST 81,07 TO 09,189.0,APARTMENT,1994,819000.0,,66,4,66 years 4 months,True,price_outlier_iqr_town_flattype,409250.0,811250.0,above upper (high)
2016-11,YISHUN,EXECUTIVE,652,YISHUN AVE 4,10 TO 12,181.0,APARTMENT,1992,818000.0,74.0,64,4,64 years 4 months,True,price_outlier_iqr_town_flattype,419154.5,772742.5,above upper (high)
2013-06,TAMPINES,EXECUTIVE,483,TAMPINES ST 43,01 TO 03,165.0,APARTMENT,1993,818000.0,,65,4,65 years 4 months,True,price_outlier_iqr_town_flattype,535000.0,815000.0,above upper (high)
2016-12,BISHAN,4 ROOM,273B,BISHAN ST 24,37 TO 39,95.0,DBSS,2011,818000.0,93.0,83,4,83 years 4 months,True,price_outlier_iqr_town_flattype,352000.0,720000.0,above upper (high)
2016-11,BISHAN,4 ROOM,273A,BISHAN ST 24,34 TO 36,95.0,DBSS,2011,815800.0,93.0,83,4,83 years 4 months,True,price_outlier_iqr_town_flattype,352000.0,720000.0,above upper (high)
2016-05,WOODLANDS,EXECUTIVE,807,WOODLANDS ST 81,07 TO 09,192.0,APARTMENT,1994,815000.0,76.0,66,4,66 years 4 months,True,price_outlier_iqr_town_flattype,409250.0,811250.0,above upper (high)
2013-04,WOODLANDS,EXECUTIVE,834,WOODLANDS ST 83,10 TO 12,189.0,APARTMENT,1994,815000.0,,66,4,66 years 4 months,True,price_outlier_iqr_town_flattype,409250.0,811250.0,above upper (high)
2013-04,QUEENSTOWN,3 ROOM,56,STIRLING RD,01 TO 03,108.0,TERRACE,1968,815000.0,,40,4,40 years 4 months,True,price_outlier_iqr_town_flattype,193937.5,563637.5,above upper (high)
2013-04,WOODLANDS,EXECUTIVE,832,WOODLANDS ST 83,07 TO 09,192.0,APARTMENT,1994,815000.0,,66,4,66 years 4 months,True,price_outlier_iqr_town_flattype,409250.0,811250.0,above upper (high)
2012-11,KALLANG/WHAMPOA,3 ROOM,56,JLN MA'MOR,01 TO 03,78.0,TERRACE,1972,812000.0,,44,4,44 years 4 months,True,price_outlier_iqr_town_flattype,206063.5,498227.5,above upper (high)
2012-06,KALLANG/WHAMPOA,3 ROOM,63,JLN MA'MOR,01 TO 03,108.0,TERRACE,1972,810000.0,,44,4,44 years 4 months,True,price_outlier_iqr_town_flattype,206063.5,498227.5,above upper (high)
2015-05,YISHUN,EXECUTIVE,652,YISHUN AVE 4,07 TO 09,169.0,APARTMENT,1992,810000.0,76.0,64,4,64 years 4 months,True,price_outlier_iqr_town_flattype,419154.5,772742.5,above upper (high)
2014-10,KALLANG/WHAMPOA,3 ROOM,43,JLN BAHAGIA,01 TO 03,100.0,TERRACE,1972,810000.0,,44,4,44 years 4 months,True,price_outlier_iqr_town_flattype,206063.5,498227.5,above upper (high)
2016-10,BISHAN,4 ROOM,273A,BISHAN ST 24,31 TO 33,95.0,DBSS,2011,810000.0,93.0,83,4,83 years 4 months,True,price_outlier_iqr_town_flattype,352000.0,720000.0,above upper (high)
2016-09,BISHAN,4 ROOM,273A,BISHAN ST 24,34 TO 36,95.0,DBSS,2011,810000.0,93.0,83,4,83 years 4 months,True,price_outlier_iqr_town_flattype,352000.0,720000.0,above upper (high)
2012-07,KALLANG/WHAMPOA,3 ROOM,61,JLN TENTERAM,01 TO 03,94.0,TERRACE,1972,810000.0,,44,4,44 years 4 months,True,price_outlier_iqr_town_flattype,206063.5,498227.5,above upper (high)
2016-08,CLEMENTI,4 ROOM,421,CLEMENTI AVE 1,34 TO 36,96.0,MODEL A,2013,805000.0,96.0,85,4,85 years 4 months,True,price_outlier_iqr_town_flattype,313125.0,708125.0,above upper (high)
2016-10,BISHAN,4 ROOM,273A,BISHAN ST 24,25 TO 27,95.0,DBSS,2011,803000.0,93.0,83,4,83 years 4 months,True,price_outlier_iqr_town_flattype,352000.0,720000.0,above upper (high)
2015-11,BUKIT BATOK,5 ROOM,101,BT BATOK WEST AVE 6,13 TO 15,150.0,MODEL A,1985,800000.0,68.0,57,4,57 years 4 months,True,price_outlier_iqr_town_flattype,345000.0,785000.0,above upper (high)
2014-08,YISHUN,EXECUTIVE,652,YISHUN AVE 4,07 TO 09,187.0,APARTMENT,1992,800000.0,,64,4,64 years 4 months,True,price_outlier_iqr_town_flattype,419154.5,772742.5,above upper (high)
2012-02,KALLANG/WHAMPOA,3 ROOM,53,JLN MA'MOR,01 TO 03,108.0,TERRACE,1972,800000.0,,44,4,44 years 4 months,True,price_outlier_iqr_town_flattype,206063.5,498227.5,above upper (high)
2016-08,KALLANG/WHAMPOA,3 ROOM,42,JLN BAHAGIA,01 TO 03,117.0,TERRACE,1972,800000.0,54.0,44,4,44 years 4 months,True,price_outlier_iqr_town_flattype,206063.5,498227.5,above upper (high)
2012-09,QUEENSTOWN,3 ROOM,55,STIRLING RD,01 TO 03,87.0,TERRACE,1968,795000.0,,40,4,40 years 4 months,True,price_outlier_iqr_town_flattype,193937.5,563637.5,above upper (high)
2015-05,BISHAN,4 ROOM,291,BISHAN ST 24,28 TO 30,122.0,PREMIUM APARTMENT,1998,792800.0,82.0,70,4,70 years 4 months,True,price_outlier_iqr_town_flattype,352000.0,720000.0,above upper (high)
2016-05,PUNGGOL,5 ROOM,305A,PUNGGOL RD,16 TO 18,147.0,PREMIUM APARTMENT LOFT,2012,788000.0,95.0,84,4,84 years 4 months,True,price_outlier_iqr_town_flattype,315000.0,675000.0,above upper (high)
2016-11,CLEMENTI,4 ROOM,425,CLEMENTI AVE 1,28 TO 30,100.0,MODEL A,2013,785000.0,95.0,85,4,85 years 4 months,True,price_outlier_iqr_town_flattype,313125.0,708125.0,above upper (high)
2013-10,QUEENSTOWN,3 ROOM,56,STIRLING RD,01 TO 03,108.0,TERRACE,1968,780000.0,,40,4,40 years 4 months,True,price_outlier_iqr_town_flattype,193937.5,563637.5,above upper (high)
2016-09,PUNGGOL,5 ROOM,305D,PUNGGOL DR,16 TO 18,147.0,PREMIUM APARTMENT LOFT,2012,780000.0,94.0,84,4,84 years 4 months,True,price_outlier_iqr_town_flattype,315000.0,675000.0,above upper (high)
2012-09,KALLANG/WHAMPOA,3 ROOM,39,JLN BAHAGIA,01 TO 03,83.0,TERRACE,1972,780000.0,,44,4,44 years 4 months,True,price_outlier_iqr_town_flattype,206063.5,498227.5,above upper (high)
2012-12,HOUGANG,5 ROOM,234,HOUGANG AVE 1,04 TO 06,142.0,MODEL A-MAISONETTE,1984,778000.0,,56,4,56 years 4 months,True,price_outlier_iqr_town_flattype,395500.0,647500.0,above upper (high)
2016-12,YISHUN,EXECUTIVE,664,YISHUN AVE 4,10 TO 12,181.0,APARTMENT,1992,778000.0,74.0,64,4,64 years 4 months,True,price_outlier_iqr_town_flattype,419154.5,772742.5,above upper (high)
2016-12,BISHAN,4 ROOM,273A,BISHAN ST 24,16 TO 18,95.0,DBSS,2011,776888.0,93.0,83,4,83 years 4 months,True,price_outlier_iqr_town_flattype,352000.0,720000.0,above upper (high)
2012-11,QUEENSTOWN,3 ROOM,58,STIRLING RD,01 TO 03,79.0,TERRACE,1968,775000.0,,40,4,40 years 4 months,True,price_outlier_iqr_town_flattype,193937.5,563637.5,above upper (high)
2013-04,HOUGANG,5 ROOM,234,HOUGANG AVE 1,04 TO 06,142.0,MODEL A-MAISONETTE,1984,773000.0,,56,4,56 years 4 months,True,price_outlier_iqr_town_flattype,395500.0,647500.0,above upper (high)
2014-05,YISHUN,EXECUTIVE,652,YISHUN AVE 4,07 TO 09,181.0,APARTMENT,1992,773000.0,,64,4,64 years 4 months,True,price_outlier_iqr_town_flattype,419154.5,772742.5,above upper (high)
2016-10,BISHAN,4 ROOM,273B,BISHAN ST 24,28 TO 30,95.0,DBSS,2011,770000.0,93.0,83,4,83 years 4 months,True,price_outlier_iqr_town_flattype,352000.0,720000.0,above upper (high)
2016-06,KALLANG/WHAMPOA,3 ROOM,49,JLN BAHAGIA,01 TO 03,80.0,TERRACE,1972,765888.0,55.0,44,4,44 years 4 months,True,price_outlier_iqr_town_flattype,206063.5,498227.5,above upper (high)
2016-10,CLEMENTI,4 ROOM,421,CLEMENTI AVE 1,34 TO 36,99.0,MODEL A,2013,765000.0,95.0,85,4,85 years 4 months,True,price_outlier_iqr_town_flattype,313125.0,708125.0,above upper (high)
2015-03,CHOA CHU KANG,EXECUTIVE,635,CHOA CHU KANG NTH 6,13 TO 15,143.0,PREMIUM MAISONETTE,1998,763000.0,81.0,70,4,70 years 4 months,True,price_outlier_iqr_town_flattype,483000.0,675000.0,above upper (high)
2016-12,TAMPINES,5 ROOM,167C,SIMEI LANE,10 TO 12,110.0,DBSS,2011,760000.0,93.0,83,4,83 years 4 months,True,price_outlier_iqr_town_flattype,420000.0,660000.0,above upper (high)
2014-01,HOUGANG,5 ROOM,233,HOUGANG ST 21,01 TO 03,139.0,MODEL A-MAISONETTE,1984,760000.0,,56,4,56 years 4 months,True,price_outlier_iqr_town_flattype,395500.0,647500.0,above upper (high)
2016-11,TAMPINES,5 ROOM,518D,TAMPINES CTRL 7,16 TO 18,109.0,DBSS,2008,760000.0,91.0,80,4,80 years 4 months,True,price_outlier_iqr_town_flattype,420000.0,660000.0,above upper (high)
2015-01,KALLANG/WHAMPOA,3 ROOM,44,JLN BAHAGIA,01 TO 03,85.0,TERRACE,1972,760000.0,56.0,44,4,44 years 4 months,True,price_outlier_iqr_town_flattype,206063.5,498227.5,above upper (high)
2015-12,KALLANG/WHAMPOA,3 ROOM,59,JLN MA'MOR,01 TO 03,79.0,TERRACE,1972,760000.0,55.0,44,4,44 years 4 months,True,price_outlier_iqr_town_flattype,206063.5,498227.5,above upper (high)
2015-11,PUNGGOL,5 ROOM,306A,PUNGGOL PL,16 TO 18,147.0,PREMIUM APARTMENT LOFT,2012,760000.0,95.0,84,4,84 years 4 months,True,price_outlier_iqr_town_flattype,315000.0,675000.0,above upper (high)
2016-12,TAMPINES,5 ROOM,518A,TAMPINES CTRL 7,16 TO 18,109.0,DBSS,2008,758000.0,91.0,80,4,80 years 4 months,True,price_outlier_iqr_town_flattype,420000.0,660000.0,above upper (high)
2012-12,TAMPINES,5 ROOM,254,SIMEI ST 1,07 TO 09,118.0,IMPROVED,1996,758000.0,,68,4,68 years 4 months,True,price_outlier_iqr_town_flattype,420000.0,660000.0,above upper (high)
2014-06,KALLANG/WHAMPOA,3 ROOM,54,JLN MA'MOR,01 TO 03,88.0,TERRACE,1972,755000.0,,44,4,44 years 4 months,True,price_outlier_iqr_town_flattype,206063.5,498227.5,above upper (high)
2016-05,JURONG WEST,EXECUTIVE,469,JURONG WEST ST 41,07 TO 09,157.0,MAISONETTE,1985,755000.0,68.0,57,4,57 years 4 months,True,price_outlier_iqr_town_flattype,435000.0,715000.0,above upper (high)
2013-08,CLEMENTI,4 ROOM,460,CLEMENTI AVE 3,25 TO 27,90.0,MODEL A,2002,753000.0,,74,4,74 years 4 months,True,price_outlier_iqr_town_flattype,313125.0,708125.0,above upper (high)
2012-06,QUEENSTOWN,3 ROOM,53,STIRLING RD,01 TO 03,81.0,TERRACE,1968,752800.0,,40,4,40 years 4 months,True,price_outlier_iqr_town_flattype,193937.5,563637.5,above upper (high)
2015-10,KALLANG/WHAMPOA,3 ROOM,49,JLN BAHAGIA,01 TO 03,80.0,TERRACE,1972,750800.0,55.0,44,4,44 years 4 months,True,price_outlier_iqr_town_flattype,206063.5,498227.5,above upper (high)
2016-11,BISHAN,4 ROOM,290,BISHAN ST 24,28 TO 30,102.0,PREMIUM APARTMENT,1998,750000.0,80.0,70,4,70 years 4 months,True,price_outlier_iqr_town_flattype,352000.0,720000.0,above upper (high)
2012-08,JURONG WEST,EXECUTIVE,471,JURONG WEST ST 41,10 TO 12,157.0,MAISONETTE,1985,750000.0,,57,4,57 years 4 months,True,price_outlier_iqr_town_flattype,435000.0,715000.0,above upper (high)
2016-12,ANG MO KIO,4 ROOM,588D,ANG MO KIO ST 52,22 TO 24,91.0,DBSS,2011,750000.0,93.0,83,4,83 years 4 months,True,price_outlier_iqr_town_flattype,348250.0,606250.0,above upper (high)
2012-08,CLEMENTI,4 ROOM,461,CLEMENTI AVE 3,22 TO 24,90.0,MODEL A,2006,750000.0,,78,4,78 years 4 months,True,price_outlier_iqr_town_flattype,313125.0,708125.0,above upper (high)
2016-05,HOUGANG,5 ROOM,312,HOUGANG AVE 5,01 TO 03,137.0,IMPROVED-MAISONETTE,1983,750000.0,65.0,55,4,55 years 4 months,True,price_outlier_iqr_town_flattype,395500.0,647500.0,above upper (high)
2013-01,CLEMENTI,4 ROOM,461,CLEMENTI AVE 3,19 TO 21,90.0,MODEL A,2006,750000.0,,78,4,78 years 4 months,True,price_outlier_iqr_town_flattype,313125.0,708125.0,above upper (high)
2016-02,ANG MO KIO,4 ROOM,310B,ANG MO KIO AVE 1,22 TO 24,96.0,MODEL A,2012,750000.0,95.0,84,4,84 years 4 months,True,price_outlier_iqr_town_flattype,348250.0,606250.0,above upper (high)
2015-12,HOUGANG,5 ROOM,238,HOUGANG AVE 1,10 TO 12,138.0,MODEL A-MAISONETTE,1984,748000.0,67.0,56,4,56 years 4 months,True,price_outlier_iqr_town_flattype,395500.0,647500.0,above upper (high)
2013-06,JURONG WEST,EXECUTIVE,440,JURONG WEST AVE 1,04 TO 06,148.0,ADJOINED FLAT,1985,748000.0,,57,4,57 years 4 months,True,price_outlier_iqr_town_flattype,435000.0,715000.0,above upper (high)
2016-11,CLEMENTI,4 ROOM,418,CLEMENTI AVE 1,19 TO 21,99.0,MODEL A,2013,748000.0,95.0,85,4,85 years 4 months,True,price_outlier_iqr_town_flattype,313125.0,708125.0,above upper (high)
2016-06,TAMPINES,5 ROOM,518B,TAMPINES CTRL 7,16 TO 18,109.0,DBSS,2008,748000.0,91.0,80,4,80 years 4 months,True,price_outlier_iqr_town_flattype,420000.0,660000.0,above upper (high)
2015-09,TAMPINES,5 ROOM,518B,TAMPINES CTRL 7,16 TO 18,108.0,DBSS,2008,745000.0,92.0,80,4,80 years 4 months,True,price_outlier_iqr_town_flattype,420000.0,660000.0,above upper (high)
2013-05,CLEMENTI,4 ROOM,460,CLEMENTI AVE 3,16 TO 18,90.0,MODEL A,2002,745000.0,,74,4,74 years 4 months,True,price_outlier_iqr_town_flattype,313125.0,708125.0,above upper (high)
2013-07,CLEMENTI,4 ROOM,462,CLEMENTI AVE 3,10 TO 12,90.0,MODEL A,2006,742000.0,,78,4,78 years 4 months,True,price_outlier_iqr_town_flattype,313125.0,708125.0,above upper (high)
2013-07,CLEMENTI,4 ROOM,462,CLEMENTI AVE 3,13 TO 15,90.0,MODEL A,2006,740000.0,,78,4,78 years 4 months,True,price_outlier_iqr_town_flattype,313125.0,708125.0,above upper (high)
2015-12,HOUGANG,5 ROOM,231,HOUGANG ST 21,10 TO 12,140.0,MODEL A-MAISONETTE,1984,740000.0,67.0,56,4,56 years 4 months,True,price_outlier_iqr_town_flattype,395500.0,647500.0,above upper (high)
2016-09,TAMPINES,5 ROOM,515B,TAMPINES CTRL 7,13 TO 15,114.0,DBSS,2008,740000.0,91.0,80,4,80 years 4 months,True,price_outlier_iqr_town_flattype,420000.0,660000.0,above upper (high)
2015-02,HOUGANG,5 ROOM,231,HOUGANG ST 21,07 TO 09,152.0,MODEL A-MAISONETTE,1984,740000.0,68.0,56,4,56 years 4 months,True,price_outlier_iqr_town_flattype,395500.0,647500.0,above upper (high)
2016-11,BISHAN,4 ROOM,273A,BISHAN ST 24,04 TO 06,95.0,DBSS,2011,739888.0,93.0,83,4,83 years 4 months,True,price_outlier_iqr_town_flattype,352000.0,720000.0,above upper (high)
2012-08,HOUGANG,5 ROOM,234,HOUGANG AVE 1,04 TO 06,142.0,MODEL A-MAISONETTE,1984,738000.0,,56,4,56 years 4 months,True,price_outlier_iqr_town_flattype,395500.0,647500.0,above upper (high)
2016-08,TAMPINES,5 ROOM,168B,SIMEI LANE,10 TO 12,110.0,DBSS,2011,738000.0,93.0,83,4,83 years 4 months,True,price_outlier_iqr_town_flattype,420000.0,660000.0,above upper (high)
2016-03,TAMPINES,5 ROOM,518A,TAMPINES CTRL 7,13 TO 15,109.0,DBSS,2008,738000.0,91.0,80,4,80 years 4 months,True,price_outlier_iqr_town_flattype,420000.0,660000.0,above upper (high)
2012-03,BISHAN,4 ROOM,291,BISHAN ST 24,26 TO 30,122.0,PREMIUM APARTMENT,1998,737000.0,,70,4,70 years 4 months,True,price_outlier_iqr_town_flattype,352000.0,720000.0,above upper (high)
2016-08,TAMPINES,5 ROOM,167C,SIMEI LANE,04 TO 06,107.0,DBSS,2011,735888.0,93.0,83,4,83 years 4 months,True,price_outlier_iqr_town_flattype,420000.0,660000.0,above upper (high)
2015-08,JURONG WEST,EXECUTIVE,471,JURONG WEST ST 41,04 TO 06,157.0,MAISONETTE,1985,735000.0,68.0,57,4,57 years 4 months,True,price_outlier_iqr_town_flattype,435000.0,715000.0,above upper (high)
2016-06,KALLANG/WHAMPOA,3 ROOM,59,JLN MA'MOR,01 TO 03,80.0,TERRACE,1972,735000.0,55.0,44,4,44 years 4 months,True,price_outlier_iqr_town_flattype,206063.5,498227.5,above upper (high)
2013-02,KALLANG/WHAMPOA,3 ROOM,49,JLN BAHAGIA,01 TO 03,80.0,TERRACE,1972,735000.0,,44,4,44 years 4 months,True,price_outlier_iqr_town_flattype,206063.5,498227.5,above upper (high)
2016-05,TAMPINES,5 ROOM,167A,SIMEI LANE,10 TO 12,107.0,DBSS,2011,735000.0,93.0,83,4,83 years 4 months,True,price_outlier_iqr_town_flattype,420000.0,660000.0,above upper (high)
2012-10,CLEMENTI,4 ROOM,461,CLEMENTI AVE 3,07 TO 09,90.0,MODEL A,2006,735000.0,,78,4,78 years 4 months,True,price_outlier_iqr_town_flattype,313125.0,708125.0,above upper (high)
2016-02,TAMPINES,5 ROOM,515D,TAMPINES CTRL 7,16 TO 18,109.0,DBSS,2008,733888.0,91.0,80,4,80 years 4 months,True,price_outlier_iqr_town_flattype,420000.0,660000.0,above upper (high)
2012-12,CHOA CHU KANG,EXECUTIVE,604,CHOA CHU KANG ST 62,04 TO 06,151.0,MAISONETTE,1996,733000.0,,68,4,68 years 4 months,True,price_outlier_iqr_town_flattype,483000.0,675000.0,above upper (high)
2013-05,CLEMENTI,4 ROOM,460,CLEMENTI AVE 3,22 TO 24,90.0,MODEL A,2002,733000.0,,74,4,74 years 4 months,True,price_outlier_iqr_town_flattype,313125.0,708125.0,above upper (high)
2016-05,ANG MO KIO,4 ROOM,308A,ANG MO KIO AVE 1,28 TO 30,96.0,MODEL A,2012,732888.0,95.0,84,4,84 years 4 months,True,price_outlier_iqr_town_flattype,348250.0,606250.0,above upper (high)
2016-05,TAMPINES,5 ROOM,167A,SIMEI LANE,10 TO 12,111.0,DBSS,2011,730000.0,93.0,83,4,83 years 4 months,True,price_outlier_iqr_town_flattype,420000.0,660000.0,above upper (high)
2016-10,BISHAN,4 ROOM,273A,BISHAN ST 24,10 TO 12,95.0,DBSS,2011,730000.0,93.0,83,4,83 years 4 months,True,price_outlier_iqr_town_flattype,352000.0,720000.0,above upper (high)
2016-04,ANG MO KIO,4 ROOM,310C,ANG MO KIO AVE 1,25 TO 27,96.0,MODEL A,2012,730000.0,95.0,84,4,84 years 4 months,True,price_outlier_iqr_town_flattype,348250.0,606250.0,above upper (high)
2016-06,TAMPINES,5 ROOM,168D,SIMEI LANE,07 TO 09,111.0,DBSS,2011,730000.0,93.0,83,4,83 years 4 months,True,price_outlier_iqr_town_flattype,420000.0,660000.0,above upper (high)
2016-06,TAMPINES,5 ROOM,518C,TAMPINES CTRL 7,16 TO 18,108.0,DBSS,2008,730000.0,91.0,80,4,80 years 4 months,True,price_outlier_iqr_town_flattype,420000.0,660000.0,above upper (high)
2016-06,TAMPINES,5 ROOM,515A,TAMPINES CTRL 7,13 TO 15,109.0,DBSS,2008,728888.0,91.0,80,4,80 years 4 months,True,price_outlier_iqr_town_flattype,420000.0,660000.0,above upper (high)
2015-11,HOUGANG,5 ROOM,231,HOUGANG ST 21,04 TO 06,142.0,MODEL A-MAISONETTE,1984,728000.0,67.0,56,4,56 years 4 months,True,price_outlier_iqr_town_flattype,395500.0,647500.0,above upper (high)
2016-06,TAMPINES,5 ROOM,168C,SIMEI LANE,10 TO 12,110.0,DBSS,2011,728000.0,93.0,83,4,83 years 4 months,True,price_outlier_iqr_town_flattype,420000.0,660000.0,above upper (high)
2016-12,TAMPINES,5 ROOM,168C,SIMEI LANE,10 TO 12,107.0,DBSS,2011,728000.0,93.0,83,4,83 years 4 months,True,price_outlier_iqr_town_flattype,420000.0,660000.0,above upper (high)
2015-05,TAMPINES,5 ROOM,515D,TAMPINES CTRL 7,07 TO 09,109.0,DBSS,2008,728000.0,92.0,80,4,80 years 4 months,True,price_outlier_iqr_town_flattype,420000.0,660000.0,above upper (high)
2016-11,CLEMENTI,4 ROOM,462,CLEMENTI AVE 3,22 TO 24,90.0,MODEL A,2006,728000.0,88.0,78,4,78 years 4 months,True,price_outlier_iqr_town_flattype,313125.0,708125.0,above upper (high)
2013-04,CHOA CHU KANG,EXECUTIVE,640,CHOA CHU KANG ST 64,07 TO 09,145.0,PREMIUM APARTMENT,1998,726000.0,,70,4,70 years 4 months,True,price_outlier_iqr_town_flattype,483000.0,675000.0,above upper (high)
2014-04,TAMPINES,5 ROOM,518B,TAMPINES CTRL 7,13 TO 15,113.0,DBSS,2008,726000.0,,80,4,80 years 4 months,True,price_outlier_iqr_town_flattype,420000.0,660000.0,above upper (high)
2015-07,TAMPINES,5 ROOM,518C,TAMPINES CTRL 7,16 TO 18,108.0,DBSS,2008,725888.0,92.0,80,4,80 years 4 months,True,price_outlier_iqr_town_flattype,420000.0,660000.0,above upper (high)
2016-09,CLEMENTI,4 ROOM,420,CLEMENTI AVE 1,16 TO 18,100.0,MODEL A,2013,725000.0,96.0,85,4,85 years 4 months,True,price_outlier_iqr_town_flattype,313125.0,708125.0,above upper (high)
2013-04,KALLANG/WHAMPOA,3 ROOM,50,JLN BAHAGIA,01 TO 03,89.0,TERRACE,1972,725000.0,,44,4,44 years 4 months,True,price_outlier_iqr_town_flattype,206063.5,498227.5,above upper (high)
2014-09,JURONG WEST,EXECUTIVE,469,JURONG WEST ST 41,13 TO 15,151.0,MAISONETTE,1985,725000.0,,57,4,57 years 4 months,True,price_outlier_iqr_town_flattype,435000.0,715000.0,above upper (high)
2016-08,ANG MO KIO,4 ROOM,310A,ANG MO KIO AVE 1,22 TO 24,95.0,MODEL A,2012,725000.0,95.0,84,4,84 years 4 months,True,price_outlier_iqr_town_flattype,348250.0,606250.0,above upper (high)
2016-12,PUNGGOL,5 ROOM,270B,PUNGGOL FIELD,16 TO 18,149.0,PREMIUM APARTMENT LOFT,2013,722800.0,95.0,85,4,85 years 4 months,True,price_outlier_iqr_town_flattype,315000.0,675000.0,above upper (high)
2016-11,BISHAN,4 ROOM,273B,BISHAN ST 24,07 TO 09,95.0,DBSS,2011,722800.0,93.0,83,4,83 years 4 months,True,price_outlier_iqr_town_flattype,352000.0,720000.0,above upper (high)
2014-09,QUEENSTOWN,3 ROOM,57,STIRLING RD,01 TO 03,87.0,TERRACE,1968,720000.0,,40,4,40 years 4 months,True,price_outlier_iqr_town_flattype,193937.5,563637.5,above upper (high)
2016-11,JURONG WEST,EXECUTIVE,469,JURONG WEST ST 41,10 TO 12,151.0,MAISONETTE,1985,720000.0,67.0,57,4,57 years 4 months,True,price_outlier_iqr_town_flattype,435000.0,715000.0,above upper (high)
2014-08,HOUGANG,5 ROOM,238,HOUGANG AVE 1,04 TO 06,136.0,MODEL A-MAISONETTE,1984,720000.0,,56,4,56 years 4 months,True,price_outlier_iqr_town_flattype,395500.0,647500.0,above upper (high)
2013-02,CLEMENTI,4 ROOM,462,CLEMENTI AVE 3,04 TO 06,90.0,MODEL A,2006,720000.0,,78,4,78 years 4 months,True,price_outlier_iqr_town_flattype,313125.0,708125.0,above upper (high)
2016-07,CLEMENTI,4 ROOM,462,CLEMENTI AVE 3,22 TO 24,90.0,MODEL A,2006,720000.0,89.0,78,4,78 years 4 months,True,price_outlier_iqr_town_flattype,313125.0,708125.0,above upper (high)
2014-04,TAMPINES,5 ROOM,518A,TAMPINES CTRL 7,16 TO 18,109.0,DBSS,2008,720000.0,,80,4,80 years 4 months,True,price_outlier_iqr_town_flattype,420000.0,660000.0,above upper (high)
2012-11,JURONG WEST,EXECUTIVE,686A,JURONG WEST CTRL 1,16 TO 18,133.0,PREMIUM APARTMENT,2000,720000.0,,72,4,72 years 4 months,True,price_outlier_iqr_town_flattype,435000.0,715000.0,above upper (high)
2012-07,CLEMENTI,4 ROOM,462,CLEMENTI AVE 3,19 TO 21,90.0,MODEL A,2006,720000.0,,78,4,78 years 4 months,True,price_outlier_iqr_town_flattype,313125.0,708125.0,above upper (high)
2016-06,TAMPINES,5 ROOM,168D,SIMEI LANE,10 TO 12,111.0,DBSS,2011,720000.0,93.0,83,4,83 years 4 months,True,price_outlier_iqr_town_flattype,420000.0,660000.0,above upper (high)
2013-02,CLEMENTI,4 ROOM,457,CLEMENTI AVE 3,07 TO 09,90.0,MODEL A,2002,720000.0,,74,4,74 years 4 months,True,price_outlier_iqr_town_flattype,313125.0,708125.0,above upper (high)
2015-09,TAMPINES,5 ROOM,515D,TAMPINES CTRL 7,13 TO 15,110.0,DBSS,2008,720000.0,92.0,80,4,80 years 4 months,True,price_outlier_iqr_town_flattype,420000.0,660000.0,above upper (high)
2015-11,TAMPINES,5 ROOM,515D,TAMPINES CTRL 7,07 TO 09,109.0,DBSS,2008,720000.0,92.0,80,4,80 years 4 months,True,price_outlier_iqr_town_flattype,420000.0,660000.0,above upper (high)
2012-08,HOUGANG,5 ROOM,234,HOUGANG AVE 1,10 TO 12,142.0,MODEL A-MAISONETTE,1984,720000.0,,56,4,56 years 4 months,True,price_outlier_iqr_town_flattype,395500.0,647500.0,above upper (high)
2015-10,CLEMENTI,4 ROOM,461,CLEMENTI AVE 3,22 TO 24,90.0,MODEL A,2006,720000.0,90.0,78,4,78 years 4 months,True,price_outlier_iqr_town_flattype,313125.0,708125.0,above upper (high)
2015-10,TAMPINES,5 ROOM,518C,TAMPINES CTRL 7,10 TO 12,113.0,DBSS,2008,720000.0,92.0,80,4,80 years 4 months,True,price_outlier_iqr_town_flattype,420000.0,660000.0,above upper (high)
2016-10,TAMPINES,5 ROOM,168C,SIMEI LANE,10 TO 12,107.0,DBSS,2011,720000.0,93.0,83,4,83 years 4 months,True,price_outlier_iqr_town_flattype,420000.0,660000.0,above upper (high)
2013-04,JURONG WEST,EXECUTIVE,472,JURONG WEST ST 41,13 TO 15,151.0,MAISONETTE,1985,720000.0,,57,4,57 years 4 months,True,price_outlier_iqr_town_flattype,435000.0,715000.0,above upper (high)
2016-04,HOUGANG,5 ROOM,838,HOUGANG CTRL,16 TO 18,116.0,IMPROVED,1997,718000.0,79.0,69,4,69 years 4 months,True,price_outlier_iqr_town_flattype,395500.0,647500.0,above upper (high)
2015-06,QUEENSTOWN,3 ROOM,50,STIRLING RD,01 TO 03,105.0,TERRACE,1968,718000.0,52.0,40,4,40 years 4 months,True,price_outlier_iqr_town_flattype,193937.5,563637.5,above upper (high)
2013-03,TAMPINES,5 ROOM,243,SIMEI ST 5,07 TO 09,121.0,IMPROVED,1997,718000.0,,69,4,69 years 4 months,True,price_outlier_iqr_town_flattype,420000.0,660000.0,above upper (high)
2016-11,TAMPINES,5 ROOM,515C,TAMPINES CTRL 7,10 TO 12,113.0,DBSS,2008,718000.0,91.0,80,4,80 years 4 months,True,price_outlier_iqr_town_flattype,420000.0,660000.0,above upper (high)
2014-02,CLEMENTI,4 ROOM,117,CLEMENTI ST 13,13 TO 15,104.0,MODEL A,1984,715000.0,,56,4,56 years 4 months,True,price_outlier_iqr_town_flattype,313125.0,708125.0,above upper (high)
2015-04,TAMPINES,5 ROOM,515B,TAMPINES CTRL 7,10 TO 12,113.0,DBSS,2008,715000.0,92.0,80,4,80 years 4 months,True,price_outlier_iqr_town_flattype,420000.0,660000.0,above upper (high)
2015-08,TAMPINES,5 ROOM,518B,TAMPINES CTRL 7,10 TO 12,109.0,DBSS,2008,715000.0,92.0,80,4,80 years 4 months,True,price_outlier_iqr_town_flattype,420000.0,660000.0,above upper (high)
2016-10,TAMPINES,5 ROOM,167A,SIMEI LANE,10 TO 12,107.0,DBSS,2011,715000.0,93.0,83,4,83 years 4 months,True,price_outlier_iqr_town_flattype,420000.0,660000.0,above upper (high)
2016-02,TAMPINES,5 ROOM,518C,TAMPINES CTRL 7,10 TO 12,108.0,DBSS,2008,715000.0,91.0,80,4,80 years 4 months,True,price_outlier_iqr_town_flattype,420000.0,660000.0,above upper (high)
2014-08,TAMPINES,5 ROOM,518C,TAMPINES CTRL 7,16 TO 18,113.0,DBSS,2008,715000.0,,80,4,80 years 4 months,True,price_outlier_iqr_town_flattype,420000.0,660000.0,above upper (high)
2016-11,HOUGANG,5 ROOM,120,HOUGANG AVE 1,01 TO 03,133.0,IMPROVED-MAISONETTE,1983,715000.0,65.0,55,4,55 years 4 months,True,price_outlier_iqr_town_flattype,395500.0,647500.0,above upper (high)
2015-05,HOUGANG,5 ROOM,231,HOUGANG ST 21,04 TO 06,142.0,MODEL A-MAISONETTE,1984,713000.0,68.0,56,4,56 years 4 months,True,price_outlier_iqr_town_flattype,395500.0,647500.0,above upper (high)
2013-10,CLEMENTI,4 ROOM,460,CLEMENTI AVE 3,16 TO 18,90.0,MODEL A,2002,711000.0,,74,4,74 years 4 months,True,price_outlier_iqr_town_flattype,313125.0,708125.0,above upper (high)
2013-02,ANG MO KIO,4 ROOM,596C,ANG MO KIO ST 52,22 TO 24,91.0,MODEL A,2002,710000.0,,74,4,74 years 4 months,True,price_outlier_iqr_town_flattype,348250.0,606250.0,above upper (high)
2014-06,TAMPINES,5 ROOM,515B,TAMPINES CTRL 7,13 TO 15,113.0,DBSS,2008,710000.0,,80,4,80 years 4 months,True,price_outlier_iqr_town_flattype,420000.0,660000.0,above upper (high)
2012-08,HOUGANG,5 ROOM,837,HOUGANG CTRL,16 TO 18,117.0,IMPROVED,1997,710000.0,,69,4,69 years 4 months,True,price_outlier_iqr_town_flattype,395500.0,647500.0,above upper (high)
2014-04,TAMPINES,5 ROOM,515D,TAMPINES CTRL 7,07 TO 09,109.0,DBSS,2008,710000.0,,80,4,80 years 4 months,True,price_outlier_iqr_town_flattype,420000.0,660000.0,above upper (high)
2014-12,CLEMENTI,4 ROOM,457,CLEMENTI AVE 3,22 TO 24,90.0,MODEL A,2002,710000.0,,74,4,74 years 4 months,True,price_outlier_iqr_town_flattype,313125.0,708125.0,above upper (high)
2013-05,CLEMENTI,4 ROOM,457,CLEMENTI AVE 3,13 TO 15,91.0,MODEL A,2002,710000.0,,74,4,74 years 4 months,True,price_outlier_iqr_town_flattype,313125.0,708125.0,above upper (high)
2014-10,TAMPINES,5 ROOM,518C,TAMPINES CTRL 7,10 TO 12,114.0,DBSS,2008,708000.0,,80,4,80 years 4 months,True,price_outlier_iqr_town_flattype,420000.0,660000.0,above upper (high)
2015-03,KALLANG/WHAMPOA,3 ROOM,62,JLN MA'MOR,01 TO 03,81.0,TERRACE,1972,708000.0,56.0,44,4,44 years 4 months,True,price_outlier_iqr_town_flattype,206063.5,498227.5,above upper (high)
2015-12,TAMPINES,5 ROOM,518A,TAMPINES CTRL 7,10 TO 12,109.0,DBSS,2008,708000.0,92.0,80,4,80 years 4 months,True,price_outlier_iqr_town_flattype,420000.0,660000.0,above upper (high)
2013-09,BUKIT BATOK,4 ROOM,621,BT BATOK CTRL,28 TO 30,90.0,MODEL A,2003,708000.0,,75,4,75 years 4 months,True,price_outlier_iqr_town_flattype,279275.0,563875.0,above upper (high)
2014-06,KALLANG/WHAMPOA,3 ROOM,48,JLN BAHAGIA,01 TO 03,78.0,TERRACE,1972,708000.0,,44,4,44 years 4 months,True,price_outlier_iqr_town_flattype,206063.5,498227.5,above upper (high)
2016-12,BUKIT MERAH,3 ROOM,35,LIM LIAK ST,04 TO 06,88.0,STANDARD,1973,708000.0,55.0,45,4,45 years 4 months,True,price_outlier_iqr_town_flattype,228300.0,539500.0,above upper (high)
2014-09,TAMPINES,5 ROOM,515D,TAMPINES CTRL 7,10 TO 12,110.0,DBSS,2008,706800.0,,80,4,80 years 4 months,True,price_outlier_iqr_town_flattype,420000.0,660000.0,above upper (high)
2012-01,KALLANG/WHAMPOA,3 ROOM,59,JLN MA'MOR,01 TO 03,79.0,TERRACE,1972,705000.0,,44,4,44 years 4 months,True,price_outlier_iqr_town_flattype,206063.5,498227.5,above upper (high)
2015-07,HOUGANG,5 ROOM,234,HOUGANG AVE 1,10 TO 12,140.0,MODEL A-MAISONETTE,1984,705000.0,68.0,56,4,56 years 4 months,True,price_outlier_iqr_town_flattype,395500.0,647500.0,above upper (high)
2016-02,TAMPINES,5 ROOM,518C,TAMPINES CTRL 7,16 TO 18,108.0,DBSS,2008,705000.0,91.0,80,4,80 years 4 months,True,price_outlier_iqr_town_flattype,420000.0,660000.0,above upper (high)
2014-05,HOUGANG,5 ROOM,234,HOUGANG AVE 1,10 TO 12,142.0,MODEL A-MAISONETTE,1984,705000.0,,56,4,56 years 4 months,True,price_outlier_iqr_town_flattype,395500.0,647500.0,above upper (high)
2013-05,BEDOK,4 ROOM,221A,BEDOK CTRL,07 TO 09,94.0,MODEL A,2010,705000.0,,82,4,82 years 4 months,True,price_outlier_iqr_town_flattype,304042.0,567930.0,above upper (high)
2016-10,TAMPINES,5 ROOM,518C,TAMPINES CTRL 7,07 TO 09,108.0,DBSS,2008,703500.0,91.0,80,4,80 years 4 months,True,price_outlier_iqr_town_flattype,420000.0,660000.0,above upper (high)
2013-05,HOUGANG,5 ROOM,231,HOUGANG ST 21,10 TO 12,142.0,MODEL A-MAISONETTE,1984,703000.0,,56,4,56 years 4 months,True,price_outlier_iqr_town_flattype,395500.0,647500.0,above upper (high)
2014-04,TAMPINES,5 ROOM,515C,TAMPINES CTRL 7,16 TO 18,113.0,DBSS,2008,703000.0,,80,4,80 years 4 months,True,price_outlier_iqr_town_flattype,420000.0,660000.0,above upper (high)
2016-06,HOUGANG,5 ROOM,231,HOUGANG ST 21,04 TO 06,142.0,MODEL A-MAISONETTE,1984,702800.0,67.0,56,4,56 years 4 months,True,price_outlier_iqr_town_flattype,395500.0,647500.0,above upper (high)
2013-08,BEDOK,4 ROOM,219D,BEDOK CTRL,13 TO 15,97.0,MODEL A,2010,702000.0,,82,4,82 years 4 months,True,price_outlier_iqr_town_flattype,304042.0,567930.0,above upper (high)
2015-09,BUKIT MERAH,3 ROOM,38,KIM PONG RD,01 TO 03,88.0,STANDARD,1974,700200.0,57.0,46,4,46 years 4 months,True,price_outlier_iqr_town_flattype,228300.0,539500.0,above upper (high)
2015-04,BUKIT MERAH,3 ROOM,27,LIM LIAK ST,01 TO 03,88.0,STANDARD,1973,700100.0,56.0,45,4,45 years 4 months,True,price_outlier_iqr_town_flattype,228300.0,539500.0,above upper (high)
2013-03,HOUGANG,5 ROOM,122,HOUGANG AVE 1,01 TO 03,133.0,IMPROVED-MAISONETTE,1983,700000.0,,55,4,55 years 4 months,True,price_outlier_iqr_town_flattype,395500.0,647500.0,above upper (high)
2013-05,BUKIT MERAH,3 ROOM,35,LIM LIAK ST,04 TO 06,88.0,STANDARD,1973,700000.0,,45,4,45 years 4 months,True,price_outlier_iqr_town_flattype,228300.0,539500.0,above upper (high)
2014-04,HOUGANG,5 ROOM,238,HOUGANG AVE 1,04 TO 06,138.0,MODEL A-MAISONETTE,1984,700000.0,,56,4,56 years 4 months,True,price_outlier_iqr_town_flattype,395500.0,647500.0,above upper (high)
2013-01,HOUGANG,5 ROOM,122,HOUGANG AVE 1,01 TO 03,133.0,IMPROVED-MAISONETTE,1983,700000.0,,55,4,55 years 4 months,True,price_outlier_iqr_town_flattype,395500.0,647500.0,above upper (high)
2015-11,HOUGANG,5 ROOM,230,HOUGANG AVE 1,07 TO 09,142.0,MODEL A-MAISONETTE,1984,700000.0,68.0,56,4,56 years 4 months,True,price_outlier_iqr_town_flattype,395500.0,647500.0,above upper (high)
2014-07,TAMPINES,5 ROOM,515C,TAMPINES CTRL 7,16 TO 18,108.0,DBSS,2008,700000.0,,80,4,80 years 4 months,True,price_outlier_iqr_town_flattype,420000.0,660000.0,above upper (high)
2013-02,TAMPINES,5 ROOM,246,SIMEI ST 5,07 TO 09,121.0,IMPROVED,1997,700000.0,,69,4,69 years 4 months,True,price_outlier_iqr_town_flattype,420000.0,660000.0,above upper (high)
2016-12,HOUGANG,5 ROOM,238,HOUGANG AVE 1,10 TO 12,136.0,MODEL A-MAISONETTE,1984,700000.0,66.0,56,4,56 years 4 months,True,price_outlier_iqr_town_flattype,395500.0,647500.0,above upper (high)
2016-03,TAMPINES,5 ROOM,515C,TAMPINES CTRL 7,07 TO 09,109.0,DBSS,2008,700000.0,91.0,80,4,80 years 4 months,True,price_outlier_iqr_town_flattype,420000.0,660000.0,above upper (high)
2012-11,SERANGOON,4 ROOM,414,SERANGOON CTRL,10 TO 12,113.0,MODEL A,1989,700000.0,,61,4,61 years 4 months,True,price_outlier_iqr_town_flattype,265000.0,673000.0,above upper (high)
2015-04,TAMPINES,5 ROOM,515B,TAMPINES CTRL 7,13 TO 15,108.0,DBSS,2008,700000.0,92.0,80,4,80 years 4 months,True,price_outlier_iqr_town_flattype,420000.0,660000.0,above upper (high)
2016-06,TAMPINES,5 ROOM,515C,TAMPINES CTRL 7,07 TO 09,107.0,DBSS,2008,700000.0,91.0,80,4,80 years 4 months,True,price_outlier_iqr_town_flattype,420000.0,660000.0,above upper (high)
2014-11,TAMPINES,5 ROOM,515D,TAMPINES CTRL 7,16 TO 18,109.0,DBSS,2008,700000.0,,80,4,80 years 4 months,True,price_outlier_iqr_town_flattype,420000.0,660000.0,above upper (high)
2012-08,TAMPINES,5 ROOM,243,SIMEI ST 5,07 TO 09,122.0,IMPROVED,1997,700000.0,,69,4,69 years 4 months,True,price_outlier_iqr_town_flattype,420000.0,660000.0,above upper (high)
2014-08,TAMPINES,5 ROOM,518B,TAMPINES CTRL 7,07 TO 09,113.0,DBSS,2008,700000.0,,80,4,80 years 4 months,True,price_outlier_iqr_town_flattype,420000.0,660000.0,above upper (high)
2016-10,TAMPINES,5 ROOM,515C,TAMPINES CTRL 7,13 TO 15,108.0,DBSS,2008,700000.0,91.0,80,4,80 years 4 months,True,price_outlier_iqr_town_flattype,420000.0,660000.0,above upper (high)
2014-03,TAMPINES,5 ROOM,515D,TAMPINES CTRL 7,16 TO 18,109.0,DBSS,2008,699888.0,,80,4,80 years 4 months,True,price_outlier_iqr_town_flattype,420000.0,660000.0,above upper (high)
2013-08,BEDOK,4 ROOM,220B,BEDOK CTRL,16 TO 18,94.0,MODEL A,2010,699000.0,,82,4,82 years 4 months,True,price_outlier_iqr_town_flattype,304042.0,567930.0,above upper (high)
2012-09,BEDOK,4 ROOM,221B,BEDOK CTRL,04 TO 06,97.0,MODEL A,2010,698000.0,,82,4,82 years 4 months,True,price_outlier_iqr_town_flattype,304042.0,567930.0,above upper (high)
2012-05,ANG MO KIO,EXECUTIVE,471,ANG MO KIO AVE 10,01 TO 05,162.0,ADJOINED FLAT,1979,698000.0,,51,4,51 years 4 months,True,price_outlier_iqr_town_flattype,701375.0,890375.0,below lower (low)
2012-03,KALLANG/WHAMPOA,3 ROOM,38,JLN BAHAGIA,01 TO 05,83.0,TERRACE,1972,698000.0,,44,4,44 years 4 months,True,price_outlier_iqr_town_flattype,206063.5,498227.5,above upper (high)
2016-11,TAMPINES,5 ROOM,168D,SIMEI LANE,04 TO 06,111.0,DBSS,2011,698000.0,93.0,83,4,83 years 4 months,True,price_outlier_iqr_town_flattype,420000.0,660000.0,above upper (high)
2015-01,TAMPINES,5 ROOM,518A,TAMPINES CTRL 7,16 TO 18,109.0,DBSS,2008,698000.0,92.0,80,4,80 years 4 months,True,price_outlier_iqr_town_flattype,420000.0,660000.0,above upper (high)
2016-11,TAMPINES,5 ROOM,515D,TAMPINES CTRL 7,13 TO 15,109.0,DBSS,2008,698000.0,91.0,80,4,80 years 4 months,True,price_outlier_iqr_town_flattype,420000.0,660000.0,above upper (high)
2015-10,TAMPINES,5 ROOM,518C,TAMPINES CTRL 7,13 TO 15,109.0,DBSS,2008,698000.0,92.0,80,4,80 years 4 months,True,price_outlier_iqr_town_flattype,420000.0,660000.0,above upper (high)
2013-06,CHOA CHU KANG,EXECUTIVE,341,CHOA CHU KANG LOOP,10 TO 12,143.0,APARTMENT,1993,698000.0,,65,4,65 years 4 months,True,price_outlier_iqr_town_flattype,483000.0,675000.0,above upper (high)
2014-04,TAMPINES,5 ROOM,515D,TAMPINES CTRL 7,10 TO 12,110.0,DBSS,2008,698000.0,,80,4,80 years 4 months,True,price_outlier_iqr_town_flattype,420000.0,660000.0,above upper (high)
2016-08,ANG MO KIO,4 ROOM,310C,ANG MO KIO AVE 1,28 TO 30,96.0,MODEL A,2012,697000.0,95.0,84,4,84 years 4 months,True,price_outlier_iqr_town_flattype,348250.0,606250.0,above upper (high)
2016-12,ANG MO KIO,4 ROOM,588D,ANG MO KIO ST 52,07 TO 09,91.0,DBSS,2011,695000.0,93.0,83,4,83 years 4 months,True,price_outlier_iqr_town_flattype,348250.0,606250.0,above upper (high)
2016-08,TAMPINES,5 ROOM,168D,SIMEI LANE,04 TO 06,111.0,DBSS,2011,695000.0,93.0,83,4,83 years 4 months,True,price_outlier_iqr_town_flattype,420000.0,660000.0,above upper (high)
2014-09,BEDOK,4 ROOM,220C,BEDOK CTRL,13 TO 15,94.0,MODEL A,2010,694000.0,,82,4,82 years 4 months,True,price_outlier_iqr_town_flattype,304042.0,567930.0,above upper (high)
2016-10,BEDOK,4 ROOM,220B,BEDOK CTRL,07 TO 09,94.0,MODEL A,2010,693100.0,92.0,82,4,82 years 4 months,True,price_outlier_iqr_town_flattype,304042.0,567930.0,above upper (high)
2014-10,TAMPINES,5 ROOM,518D,TAMPINES CTRL 7,13 TO 15,110.0,DBSS,2008,692000.0,,80,4,80 years 4 months,True,price_outlier_iqr_town_flattype,420000.0,660000.0,above upper (high)
2014-06,TAMPINES,5 ROOM,515D,TAMPINES CTRL 7,10 TO 12,109.0,DBSS,2008,692000.0,,80,4,80 years 4 months,True,price_outlier_iqr_town_flattype,420000.0,660000.0,above upper (high)
2013-08,BEDOK,4 ROOM,219D,BEDOK CTRL,13 TO 15,94.0,MODEL A,2010,690000.0,,82,4,82 years 4 months,True,price_outlier_iqr_town_flattype,304042.0,567930.0,above upper (high)
2014-01,HOUGANG,5 ROOM,461,HOUGANG AVE 10,04 TO 06,124.0,IMPROVED,1992,690000.0,,64,4,64 years 4 months,True,price_outlier_iqr_town_flattype,395500.0,647500.0,above upper (high)
2013-09,BUKIT MERAH,3 ROOM,22,TIONG BAHRU RD,01 TO 03,75.0,STANDARD,1973,690000.0,,45,4,45 years 4 months,True,price_outlier_iqr_town_flattype,228300.0,539500.0,above upper (high)
2012-10,TAMPINES,5 ROOM,842D,TAMPINES ST 82,04 TO 06,133.0,MODEL A,1995,690000.0,,67,4,67 years 4 months,True,price_outlier_iqr_town_flattype,420000.0,660000.0,above upper (high)
2016-06,TAMPINES,5 ROOM,515C,TAMPINES CTRL 7,10 TO 12,108.0,DBSS,2008,690000.0,91.0,80,4,80 years 4 months,True,price_outlier_iqr_town_flattype,420000.0,660000.0,above upper (high)
2014-09,TAMPINES,5 ROOM,515C,TAMPINES CTRL 7,13 TO 15,108.0,DBSS,2008,690000.0,,80,4,80 years 4 months,True,price_outlier_iqr_town_flattype,420000.0,660000.0,above upper (high)
2015-05,TAMPINES,5 ROOM,515B,TAMPINES CTRL 7,10 TO 12,114.0,DBSS,2008,690000.0,92.0,80,4,80 years 4 months,True,price_outlier_iqr_town_flattype,420000.0,660000.0,above upper (high)
2014-12,TAMPINES,5 ROOM,515C,TAMPINES CTRL 7,13 TO 15,108.0,DBSS,2008,690000.0,,80,4,80 years 4 months,True,price_outlier_iqr_town_flattype,420000.0,660000.0,above upper (high)
2016-11,TAMPINES,5 ROOM,167A,SIMEI LANE,07 TO 09,107.0,DBSS,2011,690000.0,93.0,83,4,83 years 4 months,True,price_outlier_iqr_town_flattype,420000.0,660000.0,above upper (high)
2015-07,TAMPINES,5 ROOM,515A,TAMPINES CTRL 7,16 TO 18,110.0,DBSS,2008,690000.0,92.0,80,4,80 years 4 months,True,price_outlier_iqr_town_flattype,420000.0,660000.0,above upper (high)
2015-10,HOUGANG,5 ROOM,238,HOUGANG AVE 1,04 TO 06,138.0,MODEL A-MAISONETTE,1984,690000.0,67.0,56,4,56 years 4 months,True,price_outlier_iqr_town_flattype,395500.0,647500.0,above upper (high)
2012-11,CHOA CHU KANG,EXECUTIVE,457,CHOA CHU KANG AVE 4,10 TO 12,142.0,PREMIUM APARTMENT,2000,690000.0,,72,4,72 years 4 months,True,price_outlier_iqr_town_flattype,483000.0,675000.0,above upper (high)
2016-09,BEDOK,4 ROOM,219C,BEDOK CTRL,10 TO 12,97.0,MODEL A,2010,690000.0,92.0,82,4,82 years 4 months,True,price_outlier_iqr_town_flattype,304042.0,567930.0,above upper (high)
2014-03,BEDOK,4 ROOM,219B,BEDOK CTRL,13 TO 15,97.0,MODEL A,2010,690000.0,,82,4,82 years 4 months,True,price_outlier_iqr_town_flattype,304042.0,567930.0,above upper (high)
2016-08,TAMPINES,5 ROOM,518A,TAMPINES CTRL 7,10 TO 12,110.0,DBSS,2008,690000.0,91.0,80,4,80 years 4 months,True,price_outlier_iqr_town_flattype,420000.0,660000.0,above upper (high)
2014-06,BEDOK,4 ROOM,220B,BEDOK CTRL,13 TO 15,97.0,MODEL A,2010,690000.0,,82,4,82 years 4 months,True,price_outlier_iqr_town_flattype,304042.0,567930.0,above upper (high)
2012-07,HOUGANG,5 ROOM,231,HOUGANG ST 21,07 TO 09,142.0,MODEL A-MAISONETTE,1984,688888.88,,56,4,56 years 4 months,True,price_outlier_iqr_town_flattype,395500.0,647500.0,above upper (high)
2014-01,HOUGANG,5 ROOM,837,HOUGANG CTRL,10 TO 12,118.0,IMPROVED,1997,688888.0,,69,4,69 years 4 months,True,price_outlier_iqr_town_flattype,395500.0,647500.0,above upper (high)
2015-03,TAMPINES,5 ROOM,515C,TAMPINES CTRL 7,13 TO 15,113.0,DBSS,2008,688888.0,92.0,80,4,80 years 4 months,True,price_outlier_iqr_town_flattype,420000.0,660000.0,above upper (high)
2016-04,TAMPINES,5 ROOM,168D,SIMEI LANE,04 TO 06,107.0,DBSS,2011,688000.0,93.0,83,4,83 years 4 months,True,price_outlier_iqr_town_flattype,420000.0,660000.0,above upper (high)
2014-04,TAMPINES,5 ROOM,515B,TAMPINES CTRL 7,07 TO 09,113.0,DBSS,2008,688000.0,,80,4,80 years 4 months,True,price_outlier_iqr_town_flattype,420000.0,660000.0,above upper (high)
2014-04,TAMPINES,5 ROOM,518B,TAMPINES CTRL 7,16 TO 18,108.0,DBSS,2008,688000.0,,80,4,80 years 4 months,True,price_outlier_iqr_town_flattype,420000.0,660000.0,above upper (high)
2013-07,BEDOK,4 ROOM,220C,BEDOK CTRL,04 TO 06,97.0,MODEL A,2010,688000.0,,82,4,82 years 4 months,True,price_outlier_iqr_town_flattype,304042.0,567930.0,above upper (high)
2012-10,CHOA CHU KANG,EXECUTIVE,342,CHOA CHU KANG LOOP,07 TO 09,143.0,APARTMENT,1993,688000.0,,65,4,65 years 4 months,True,price_outlier_iqr_town_flattype,483000.0,675000.0,above upper (high)
2015-04,TAMPINES,5 ROOM,518D,TAMPINES CTRL 7,10 TO 12,109.0,DBSS,2008,688000.0,92.0,80,4,80 years 4 months,True,price_outlier_iqr_town_flattype,420000.0,660000.0,above upper (high)
2012-03,KALLANG/WHAMPOA,3 ROOM,49,JLN BAHAGIA,01 TO 05,80.0,TERRACE,1972,688000.0,,44,4,44 years 4 months,True,price_outlier_iqr_town_flattype,206063.5,498227.5,above upper (high)
2014-01,QUEENSTOWN,3 ROOM,55,STIRLING RD,01 TO 03,87.0,TERRACE,1968,688000.0,,40,4,40 years 4 months,True,price_outlier_iqr_town_flattype,193937.5,563637.5,above upper (high)
2015-05,TAMPINES,5 ROOM,518B,TAMPINES CTRL 7,10 TO 12,108.0,DBSS,2008,688000.0,92.0,80,4,80 years 4 months,True,price_outlier_iqr_town_flattype,420000.0,660000.0,above upper (high)
2016-10,BEDOK,4 ROOM,220C,BEDOK CTRL,13 TO 15,94.0,MODEL A,2010,688000.0,92.0,82,4,82 years 4 months,True,price_outlier_iqr_town_flattype,304042.0,567930.0,above upper (high)
2016-11,BEDOK,4 ROOM,219D,BEDOK CTRL,10 TO 12,94.0,MODEL A,2010,688000.0,92.0,82,4,82 years 4 months,True,price_outlier_iqr_town_flattype,304042.0,567930.0,above upper (high)
2014-06,HOUGANG,5 ROOM,230,HOUGANG AVE 1,04 TO 06,142.0,MODEL A-MAISONETTE,1984,688000.0,,56,4,56 years 4 months,True,price_outlier_iqr_town_flattype,395500.0,647500.0,above upper (high)
2014-09,TAMPINES,5 ROOM,515B,TAMPINES CTRL 7,10 TO 12,114.0,DBSS,2008,688000.0,,80,4,80 years 4 months,True,price_outlier_iqr_town_flattype,420000.0,660000.0,above upper (high)
2013-09,CHOA CHU KANG,EXECUTIVE,351,CHOA CHU KANG CTRL,07 TO 09,143.0,APARTMENT,1993,687000.0,,65,4,65 years 4 months,True,price_outlier_iqr_town_flattype,483000.0,675000.0,above upper (high)
2013-09,HOUGANG,5 ROOM,234,HOUGANG AVE 1,04 TO 06,142.0,MODEL A-MAISONETTE,1984,686000.0,,56,4,56 years 4 months,True,price_outlier_iqr_town_flattype,395500.0,647500.0,above upper (high)
2014-11,TAMPINES,5 ROOM,515C,TAMPINES CTRL 7,10 TO 12,114.0,DBSS,2008,686000.0,,80,4,80 years 4 months,True,price_outlier_iqr_town_flattype,420000.0,660000.0,above upper (high)
2014-05,TAMPINES,5 ROOM,515D,TAMPINES CTRL 7,16 TO 18,109.0,DBSS,2008,686000.0,,80,4,80 years 4 months,True,price_outlier_iqr_town_flattype,420000.0,660000.0,above upper (high)
2013-01,HOUGANG,5 ROOM,466,HOUGANG AVE 8,07 TO 09,125.0,IMPROVED,1992,685000.0,,64,4,64 years 4 months,True,price_outlier_iqr_town_flattype,395500.0,647500.0,above upper (high)
2013-04,CHOA CHU KANG,EXECUTIVE,342,CHOA CHU KANG LOOP,07 TO 09,143.0,APARTMENT,1993,685000.0,,65,4,65 years 4 months,True,price_outlier_iqr_town_flattype,483000.0,675000.0,above upper (high)
2013-05,HOUGANG,5 ROOM,131,LOR AH SOO,01 TO 03,144.0,MODEL A-MAISONETTE,1984,685000.0,,56,4,56 years 4 months,True,price_outlier_iqr_town_flattype,395500.0,647500.0,above upper (high)
2013-05,MARINE PARADE,4 ROOM,18,MARINE TER,16 TO 18,88.0,IMPROVED,1975,685000.0,,47,4,47 years 4 months,True,price_outlier_iqr_town_flattype,453250.0,631250.0,above upper (high)
2012-04,CHOA CHU KANG,EXECUTIVE,640,CHOA CHU KANG ST 64,16 TO 20,145.0,PREMIUM APARTMENT,1998,685000.0,,70,4,70 years 4 months,True,price_outlier_iqr_town_flattype,483000.0,675000.0,above upper (high)
2014-10,TAMPINES,5 ROOM,518B,TAMPINES CTRL 7,10 TO 12,114.0,DBSS,2008,685000.0,,80,4,80 years 4 months,True,price_outlier_iqr_town_flattype,420000.0,660000.0,above upper (high)
2013-01,TAMPINES,5 ROOM,254,SIMEI ST 1,07 TO 09,118.0,IMPROVED,1996,685000.0,,68,4,68 years 4 months,True,price_outlier_iqr_town_flattype,420000.0,660000.0,above upper (high)
2014-04,TAMPINES,5 ROOM,515B,TAMPINES CTRL 7,16 TO 18,108.0,DBSS,2008,685000.0,,80,4,80 years 4 months,True,price_outlier_iqr_town_flattype,420000.0,660000.0,above upper (high)
2014-03,TAMPINES,5 ROOM,244,SIMEI ST 5,04 TO 06,119.0,IMPROVED,1997,683000.0,,69,4,69 years 4 months,True,price_outlier_iqr_town_flattype,420000.0,660000.0,above upper (high)
2014-08,TAMPINES,5 ROOM,245,SIMEI ST 5,07 TO 09,122.0,IMPROVED,1997,683000.0,,69,4,69 years 4 months,True,price_outlier_iqr_town_flattype,420000.0,660000.0,above upper (high)
2014-10,TAMPINES,5 ROOM,254,SIMEI ST 1,07 TO 09,117.0,IMPROVED,1996,682500.0,,68,4,68 years 4 months,True,price_outlier_iqr_town_flattype,420000.0,660000.0,above upper (high)
2012-08,CHOA CHU KANG,EXECUTIVE,640,CHOA CHU KANG ST 64,07 TO 09,145.0,PREMIUM APARTMENT,1998,682000.0,,70,4,70 years 4 months,True,price_outlier_iqr_town_flattype,483000.0,675000.0,above upper (high)
2016-03,TAMPINES,5 ROOM,518A,TAMPINES CTRL 7,07 TO 09,110.0,DBSS,2008,682000.0,91.0,80,4,80 years 4 months,True,price_outlier_iqr_town_flattype,420000.0,660000.0,above upper (high)
2016-12,TAMPINES,5 ROOM,167A,SIMEI LANE,04 TO 06,111.0,DBSS,2011,682000.0,93.0,83,4,83 years 4 months,True,price_outlier_iqr_town_flattype,420000.0,660000.0,above upper (high)
2015-07,BEDOK,4 ROOM,221C,BEDOK CTRL,13 TO 15,94.0,MODEL A,2010,681168.0,93.0,82,4,82 years 4 months,True,price_outlier_iqr_town_flattype,304042.0,567930.0,above upper (high)
2013-05,BEDOK,4 ROOM,221A,BEDOK CTRL,07 TO 09,97.0,MODEL A,2010,681000.0,,82,4,82 years 4 months,True,price_outlier_iqr_town_flattype,304042.0,567930.0,above upper (high)
2012-09,TAMPINES,5 ROOM,842B,TAMPINES ST 82,16 TO 18,132.0,MODEL A,1995,680000.0,,67,4,67 years 4 months,True,price_outlier_iqr_town_flattype,420000.0,660000.0,above upper (high)
2013-09,BEDOK,4 ROOM,219C,BEDOK CTRL,10 TO 12,97.0,MODEL A,2010,680000.0,,82,4,82 years 4 months,True,price_outlier_iqr_town_flattype,304042.0,567930.0,above upper (high)
2013-08,ANG MO KIO,4 ROOM,596C,ANG MO KIO ST 52,22 TO 24,90.0,MODEL A,2002,680000.0,,74,4,74 years 4 months,True,price_outlier_iqr_town_flattype,348250.0,606250.0,above upper (high)
2016-06,HOUGANG,5 ROOM,238,HOUGANG AVE 1,01 TO 03,144.0,MODEL A-MAISONETTE,1984,680000.0,67.0,56,4,56 years 4 months,True,price_outlier_iqr_town_flattype,395500.0,647500.0,above upper (high)
2012-05,CHOA CHU KANG,EXECUTIVE,631,CHOA CHU KANG NTH 6,06 TO 10,142.0,PREMIUM APARTMENT,1998,680000.0,,70,4,70 years 4 months,True,price_outlier_iqr_town_flattype,483000.0,675000.0,above upper (high)
2014-09,TAMPINES,5 ROOM,515D,TAMPINES CTRL 7,10 TO 12,109.0,DBSS,2008,680000.0,,80,4,80 years 4 months,True,price_outlier_iqr_town_flattype,420000.0,660000.0,above upper (high)
2016-12,SERANGOON,4 ROOM,257,SERANGOON CTRL DR,13 TO 15,99.0,MODEL A,1999,680000.0,81.0,71,4,71 years 4 months,True,price_outlier_iqr_town_flattype,265000.0,673000.0,above upper (high)
2013-07,SENGKANG,5 ROOM,269B,COMPASSVALE LINK,16 TO 18,110.0,PREMIUM APARTMENT,2006,680000.0,,78,4,78 years 4 months,True,price_outlier_iqr_town_flattype,355500.0,626700.0,above upper (high)
2016-09,HOUGANG,5 ROOM,230,HOUGANG AVE 1,04 TO 06,142.0,MODEL A-MAISONETTE,1984,680000.0,67.0,56,4,56 years 4 months,True,price_outlier_iqr_town_flattype,395500.0,647500.0,above upper (high)
2013-05,ANG MO KIO,4 ROOM,353,ANG MO KIO ST 32,22 TO 24,95.0,MODEL A,2001,680000.0,,73,4,73 years 4 months,True,price_outlier_iqr_town_flattype,348250.0,606250.0,above upper (high)
2012-09,ANG MO KIO,4 ROOM,596C,ANG MO KIO ST 52,28 TO 30,91.0,MODEL A,2002,680000.0,,74,4,74 years 4 months,True,price_outlier_iqr_town_flattype,348250.0,606250.0,above upper (high)
2013-01,SENGKANG,5 ROOM,268C,COMPASSVALE LINK,16 TO 18,110.0,PREMIUM APARTMENT,2006,680000.0,,78,4,78 years 4 months,True,price_outlier_iqr_town_flattype,355500.0,626700.0,above upper (high)
2015-06,TAMPINES,5 ROOM,518B,TAMPINES CTRL 7,07 TO 09,108.0,DBSS,2008,680000.0,92.0,80,4,80 years 4 months,True,price_outlier_iqr_town_flattype,420000.0,660000.0,above upper (high)
2016-08,ANG MO KIO,4 ROOM,310A,ANG MO KIO AVE 1,16 TO 18,94.0,MODEL A,2012,680000.0,95.0,84,4,84 years 4 months,True,price_outlier_iqr_town_flattype,348250.0,606250.0,above upper (high)
2014-08,TAMPINES,5 ROOM,518B,TAMPINES CTRL 7,16 TO 18,107.0,DBSS,2008,680000.0,,80,4,80 years 4 months,True,price_outlier_iqr_town_flattype,420000.0,660000.0,above upper (high)
2016-08,CLEMENTI,3 ROOM,441B,CLEMENTI AVE 3,22 TO 24,70.0,MODEL A,2012,680000.0,94.0,84,4,84 years 4 months,True,price_outlier_iqr_town_flattype,227000.0,491000.0,above upper (high)
2014-04,TAMPINES,5 ROOM,515A,TAMPINES CTRL 7,13 TO 15,109.0,DBSS,2008,680000.0,,80,4,80 years 4 months,True,price_outlier_iqr_town_flattype,420000.0,660000.0,above upper (high)
2016-09,TAMPINES,5 ROOM,168D,SIMEI LANE,04 TO 06,111.0,DBSS,2011,680000.0,93.0,83,4,83 years 4 months,True,price_outlier_iqr_town_flattype,420000.0,660000.0,above upper (high)
2013-01,CHOA CHU KANG,EXECUTIVE,561,CHOA CHU KANG NTH 6,10 TO 12,154.0,MAISONETTE,1996,680000.0,,68,4,68 years 4 months,True,price_outlier_iqr_town_flattype,483000.0,675000.0,above upper (high)
2013-10,BEDOK,4 ROOM,219A,BEDOK CTRL,10 TO 12,97.0,MODEL A,2010,680000.0,,82,4,82 years 4 months,True,price_outlier_iqr_town_flattype,304042.0,567930.0,above upper (high)
2014-10,TAMPINES,5 ROOM,515C,TAMPINES CTRL 7,07 TO 09,114.0,DBSS,2008,678000.0,,80,4,80 years 4 months,True,price_outlier_iqr_town_flattype,420000.0,660000.0,above upper (high)
2015-01,TAMPINES,5 ROOM,515C,TAMPINES CTRL 7,10 TO 12,108.0,DBSS,2008,678000.0,92.0,80,4,80 years 4 months,True,price_outlier_iqr_town_flattype,420000.0,660000.0,above upper (high)
2014-07,TAMPINES,5 ROOM,518C,TAMPINES CTRL 7,04 TO 06,113.0,DBSS,2008,678000.0,,80,4,80 years 4 months,True,price_outlier_iqr_town_flattype,420000.0,660000.0,above upper (high)
2016-05,BEDOK,4 ROOM,221B,BEDOK CTRL,13 TO 15,94.0,MODEL A,2010,678000.0,93.0,82,4,82 years 4 months,True,price_outlier_iqr_town_flattype,304042.0,567930.0,above upper (high)
2014-06,TAMPINES,5 ROOM,515B,TAMPINES CTRL 7,07 TO 09,109.0,DBSS,2008,678000.0,,80,4,80 years 4 months,True,price_outlier_iqr_town_flattype,420000.0,660000.0,above upper (high)
2014-10,TAMPINES,5 ROOM,518B,TAMPINES CTRL 7,13 TO 15,107.0,DBSS,2008,678000.0,,80,4,80 years 4 months,True,price_outlier_iqr_town_flattype,420000.0,660000.0,above upper (high)
2014-12,TAMPINES,5 ROOM,515A,TAMPINES CTRL 7,10 TO 12,110.0,DBSS,2008,678000.0,,80,4,80 years 4 months,True,price_outlier_iqr_town_flattype,420000.0,660000.0,above upper (high)
2014-12,BEDOK,4 ROOM,219A,BEDOK CTRL,10 TO 12,97.0,MODEL A,2010,675888.0,,82,4,82 years 4 months,True,price_outlier_iqr_town_flattype,304042.0,567930.0,above upper (high)
2014-02,BEDOK,4 ROOM,221A,BEDOK CTRL,10 TO 12,97.0,MODEL A,2010,675000.0,,82,4,82 years 4 months,True,price_outlier_iqr_town_flattype,304042.0,567930.0,above upper (high)
2012-10,TAMPINES,5 ROOM,243,SIMEI ST 5,07 TO 09,124.0,IMPROVED,1997,675000.0,,69,4,69 years 4 months,True,price_outlier_iqr_town_flattype,420000.0,660000.0,above upper (high)
2013-12,BEDOK,4 ROOM,219C,BEDOK CTRL,10 TO 12,94.0,MODEL A,2010,675000.0,,82,4,82 years 4 months,True,price_outlier_iqr_town_flattype,304042.0,567930.0,above upper (high)
2014-10,BEDOK,4 ROOM,220B,BEDOK CTRL,13 TO 15,97.0,MODEL A,2010,675000.0,,82,4,82 years 4 months,True,price_outlier_iqr_town_flattype,304042.0,567930.0,above upper (high)
2014-11,TAMPINES,5 ROOM,518D,TAMPINES CTRL 7,07 TO 09,109.0,DBSS,2008,675000.0,,80,4,80 years 4 months,True,price_outlier_iqr_town_flattype,420000.0,660000.0,above upper (high)
2014-04,TAMPINES,5 ROOM,518B,TAMPINES CTRL 7,10 TO 12,107.0,DBSS,2008,675000.0,,80,4,80 years 4 months,True,price_outlier_iqr_town_flattype,420000.0,660000.0,above upper (high)
2014-03,TAMPINES,5 ROOM,515D,TAMPINES CTRL 7,01 TO 03,109.0,DBSS,2008,673000.0,,80,4,80 years 4 months,True,price_outlier_iqr_town_flattype,420000.0,660000.0,above upper (high)
2014-04,TAMPINES,5 ROOM,515A,TAMPINES CTRL 7,07 TO 09,109.0,DBSS,2008,672500.0,,80,4,80 years 4 months,True,price_outlier_iqr_town_flattype,420000.0,660000.0,above upper (high)
2013-10,ANG MO KIO,4 ROOM,700A,ANG MO KIO AVE 6,19 TO 21,91.0,MODEL A,2003,672000.0,,75,4,75 years 4 months,True,price_outlier_iqr_town_flattype,348250.0,606250.0,above upper (high)
2014-05,TAMPINES,5 ROOM,518B,TAMPINES CTRL 7,13 TO 15,108.0,DBSS,2008,672000.0,,80,4,80 years 4 months,True,price_outlier_iqr_town_flattype,420000.0,660000.0,above upper (high)
2014-03,TAMPINES,5 ROOM,515D,TAMPINES CTRL 7,07 TO 09,109.0,DBSS,2008,671000.0,,80,4,80 years 4 months,True,price_outlier_iqr_town_flattype,420000.0,660000.0,above upper (high)
2016-05,BEDOK,4 ROOM,219C,BEDOK CTRL,13 TO 15,94.0,MODEL A,2010,670888.0,93.0,82,4,82 years 4 months,True,price_outlier_iqr_town_flattype,304042.0,567930.0,above upper (high)
2013-09,SEMBAWANG,EXECUTIVE,310,CANBERRA RD,10 TO 12,143.0,MAISONETTE,1998,670000.0,,70,4,70 years 4 months,True,price_outlier_iqr_town_flattype,405110.0,655334.0,above upper (high)
2014-06,BEDOK,4 ROOM,221B,BEDOK CTRL,04 TO 06,97.0,MODEL A,2010,670000.0,,82,4,82 years 4 months,True,price_outlier_iqr_town_flattype,304042.0,567930.0,above upper (high)
2015-07,CLEMENTI,EXECUTIVE,518,WEST COAST RD,10 TO 12,163.0,ADJOINED FLAT,1980,670000.0,63.0,52,4,52 years 4 months,True,price_outlier_iqr_town_flattype,692500.0,992500.0,below lower (low)
2015-04,QUEENSTOWN,5 ROOM,26,DOVER CRES,01 TO 03,123.0,STANDARD,1978,670000.0,61.0,50,4,50 years 4 months,True,price_outlier_iqr_town_flattype,674501.0,1009165.0,below lower (low)
2015-03,BUKIT MERAH,3 ROOM,50,MOH GUAN TER,04 TO 06,88.0,STANDARD,1973,670000.0,56.0,45,4,45 years 4 months,True,price_outlier_iqr_town_flattype,228300.0,539500.0,above upper (high)
2016-07,KALLANG/WHAMPOA,3 ROOM,56,JLN MA'MOR,01 TO 03,78.0,TERRACE,1972,670000.0,55.0,44,4,44 years 4 months,True,price_outlier_iqr_town_flattype,206063.5,498227.5,above upper (high)
2016-03,HOUGANG,5 ROOM,836,HOUGANG CTRL,10 TO 12,116.0,IMPROVED,1997,670000.0,80.0,69,4,69 years 4 months,True,price_outlier_iqr_town_flattype,395500.0,647500.0,above upper (high)
2015-10,TAMPINES,5 ROOM,515A,TAMPINES CTRL 7,07 TO 09,109.0,DBSS,2008,670000.0,92.0,80,4,80 years 4 months,True,price_outlier_iqr_town_flattype,420000.0,660000.0,above upper (high)
2016-12,ANG MO KIO,4 ROOM,700B,ANG MO KIO AVE 6,13 TO 15,90.0,MODEL A,2003,670000.0,85.0,75,4,75 years 4 months,True,price_outlier_iqr_town_flattype,348250.0,606250.0,above upper (high)
2014-07,HOUGANG,5 ROOM,122,HOUGANG AVE 1,01 TO 03,133.0,IMPROVED-MAISONETTE,1983,670000.0,,55,4,55 years 4 months,True,price_outlier_iqr_town_flattype,395500.0,647500.0,above upper (high)
2014-03,TAMPINES,5 ROOM,515C,TAMPINES CTRL 7,01 TO 03,108.0,DBSS,2008,670000.0,,80,4,80 years 4 months,True,price_outlier_iqr_town_flattype,420000.0,660000.0,above upper (high)
2016-01,QUEENSTOWN,5 ROOM,26,DOVER CRES,01 TO 03,123.0,STANDARD,1978,670000.0,61.0,50,4,50 years 4 months,True,price_outlier_iqr_town_flattype,674501.0,1009165.0,below lower (low)
2013-05,CHOA CHU KANG,5 ROOM,643,CHOA CHU KANG ST 64,07 TO 09,123.0,PREMIUM APARTMENT,1998,670000.0,,70,4,70 years 4 months,True,price_outlier_iqr_town_flattype,304500.0,612500.0,above upper (high)
2013-08,BEDOK,4 ROOM,219C,BEDOK CTRL,10 TO 12,94.0,MODEL A,2010,670000.0,,82,4,82 years 4 months,True,price_outlier_iqr_town_flattype,304042.0,567930.0,above upper (high)
2014-09,TAMPINES,5 ROOM,515B,TAMPINES CTRL 7,07 TO 09,108.0,DBSS,2008,669388.0,,80,4,80 years 4 months,True,price_outlier_iqr_town_flattype,420000.0,660000.0,above upper (high)
2012-10,BUKIT PANJANG,5 ROOM,182,JELEBU RD,19 TO 21,111.0,PREMIUM APARTMENT,2003,668888.0,,75,4,75 years 4 months,True,price_outlier_iqr_town_flattype,306000.0,666000.0,above upper (high)
2013-05,SENGKANG,5 ROOM,269B,COMPASSVALE LINK,10 TO 12,111.0,PREMIUM APARTMENT,2006,668000.0,,78,4,78 years 4 months,True,price_outlier_iqr_town_flattype,355500.0,626700.0,above upper (high)
2014-08,TAMPINES,5 ROOM,518B,TAMPINES CTRL 7,07 TO 09,114.0,DBSS,2008,668000.0,,80,4,80 years 4 months,True,price_outlier_iqr_town_flattype,420000.0,660000.0,above upper (high)
2013-09,HOUGANG,5 ROOM,837,HOUGANG CTRL,01 TO 03,118.0,IMPROVED,1997,668000.0,,69,4,69 years 4 months,True,price_outlier_iqr_town_flattype,395500.0,647500.0,above upper (high)
2013-05,TAMPINES,5 ROOM,245,SIMEI ST 5,01 TO 03,119.0,IMPROVED,1997,668000.0,,69,4,69 years 4 months,True,price_outlier_iqr_town_flattype,420000.0,660000.0,above upper (high)
2015-04,TAMPINES,5 ROOM,515A,TAMPINES CTRL 7,07 TO 09,110.0,DBSS,2008,668000.0,92.0,80,4,80 years 4 months,True,price_outlier_iqr_town_flattype,420000.0,660000.0,above upper (high)
2016-05,ANG MO KIO,4 ROOM,307A,ANG MO KIO AVE 1,13 TO 15,88.0,MODEL A,2012,668000.0,95.0,84,4,84 years 4 months,True,price_outlier_iqr_town_flattype,348250.0,606250.0,above upper (high)
2012-08,HOUGANG,5 ROOM,312,HOUGANG AVE 5,01 TO 03,137.0,IMPROVED-MAISONETTE,1983,668000.0,,55,4,55 years 4 months,True,price_outlier_iqr_town_flattype,395500.0,647500.0,above upper (high)
2013-09,BEDOK,4 ROOM,220C,BEDOK CTRL,10 TO 12,94.0,MODEL A,2010,668000.0,,82,4,82 years 4 months,True,price_outlier_iqr_town_flattype,304042.0,567930.0,above upper (high)
2014-03,TAMPINES,5 ROOM,518C,TAMPINES CTRL 7,13 TO 15,108.0,DBSS,2008,668000.0,,80,4,80 years 4 months,True,price_outlier_iqr_town_flattype,420000.0,660000.0,above upper (high)
2014-11,TAMPINES,5 ROOM,515B,TAMPINES CTRL 7,13 TO 15,114.0,DBSS,2008,668000.0,,80,4,80 years 4 months,True,price_outlier_iqr_town_flattype,420000.0,660000.0,above upper (high)
2013-12,BUKIT MERAH,3 ROOM,49,KIM PONG RD,01 TO 03,88.0,STANDARD,1973,668000.0,,45,4,45 years 4 months,True,price_outlier_iqr_town_flattype,228300.0,539500.0,above upper (high)
2016-09,TAMPINES,5 ROOM,518C,TAMPINES CTRL 7,07 TO 09,108.0,DBSS,2008,667000.0,91.0,80,4,80 years 4 months,True,price_outlier_iqr_town_flattype,420000.0,660000.0,above upper (high)
2012-07,TAMPINES,5 ROOM,245,SIMEI ST 5,07 TO 09,119.0,IMPROVED,1997,666000.0,,69,4,69 years 4 months,True,price_outlier_iqr_town_flattype,420000.0,660000.0,above upper (high)
2014-05,TAMPINES,5 ROOM,515C,TAMPINES CTRL 7,13 TO 15,107.0,DBSS,2008,665000.0,,80,4,80 years 4 months,True,price_outlier_iqr_town_flattype,420000.0,660000.0,above upper (high)
2014-05,TAMPINES,5 ROOM,518B,TAMPINES CTRL 7,13 TO 15,107.0,DBSS,2008,665000.0,,80,4,80 years 4 months,True,price_outlier_iqr_town_flattype,420000.0,660000.0,above upper (high)
2016-09,TAMPINES,5 ROOM,167C,SIMEI LANE,01 TO 03,107.0,DBSS,2011,665000.0,93.0,83,4,83 years 4 months,True,price_outlier_iqr_town_flattype,420000.0,660000.0,above upper (high)
2012-03,BISHAN,EXECUTIVE,245,BISHAN ST 22,01 TO 05,149.0,MAISONETTE,1992,665000.0,,64,4,64 years 4 months,True,price_outlier_iqr_town_flattype,690500.0,1030500.0,below lower (low)
2016-03,ANG MO KIO,4 ROOM,307B,ANG MO KIO AVE 1,19 TO 21,97.0,MODEL A,2012,665000.0,95.0,84,4,84 years 4 months,True,price_outlier_iqr_town_flattype,348250.0,606250.0,above upper (high)
2015-12,BEDOK,4 ROOM,221A,BEDOK CTRL,04 TO 06,94.0,MODEL A,2010,665000.0,93.0,82,4,82 years 4 months,True,price_outlier_iqr_town_flattype,304042.0,567930.0,above upper (high)
2015-05,TAMPINES,5 ROOM,518B,TAMPINES CTRL 7,07 TO 09,108.0,DBSS,2008,665000.0,92.0,80,4,80 years 4 months,True,price_outlier_iqr_town_flattype,420000.0,660000.0,above upper (high)
2014-08,BEDOK,4 ROOM,219C,BEDOK CTRL,07 TO 09,94.0,MODEL A,2010,663000.0,,82,4,82 years 4 months,True,price_outlier_iqr_town_flattype,304042.0,567930.0,above upper (high)
2013-01,BUKIT MERAH,3 ROOM,50,MOH GUAN TER,04 TO 06,88.0,STANDARD,1973,663000.0,,45,4,45 years 4 months,True,price_outlier_iqr_town_flattype,228300.0,539500.0,above upper (high)
2014-05,BEDOK,4 ROOM,219C,BEDOK CTRL,04 TO 06,94.0,MODEL A,2010,663000.0,,82,4,82 years 4 months,True,price_outlier_iqr_town_flattype,304042.0,567930.0,above upper (high)
2015-12,BEDOK,4 ROOM,219B,BEDOK CTRL,10 TO 12,94.0,MODEL A,2010,663000.0,93.0,82,4,82 years 4 months,True,price_outlier_iqr_town_flattype,304042.0,567930.0,above upper (high)
2014-10,TAMPINES,5 ROOM,515A,TAMPINES CTRL 7,10 TO 12,109.0,DBSS,2008,662888.0,,80,4,80 years 4 months,True,price_outlier_iqr_town_flattype,420000.0,660000.0,above upper (high)
2014-07,TAMPINES,5 ROOM,515D,TAMPINES CTRL 7,07 TO 09,110.0,DBSS,2008,662888.0,,80,4,80 years 4 months,True,price_outlier_iqr_town_flattype,420000.0,660000.0,above upper (high)
2014-12,TAMPINES,5 ROOM,515A,TAMPINES CTRL 7,07 TO 09,109.0,DBSS,2008,662000.0,,80,4,80 years 4 months,True,price_outlier_iqr_town_flattype,420000.0,660000.0,above upper (high)
2013-10,ANG MO KIO,4 ROOM,596D,ANG MO KIO ST 52,10 TO 12,90.0,MODEL A,2003,662000.0,,75,4,75 years 4 months,True,price_outlier_iqr_town_flattype,348250.0,606250.0,above upper (high)
2013-07,HOUGANG,5 ROOM,238,HOUGANG AVE 1,01 TO 03,138.0,MODEL A-MAISONETTE,1984,661000.0,,56,4,56 years 4 months,True,price_outlier_iqr_town_flattype,395500.0,647500.0,above upper (high)
2016-11,ANG MO KIO,4 ROOM,351,ANG MO KIO ST 32,28 TO 30,95.0,MODEL A,2001,660888.0,83.0,73,4,73 years 4 months,True,price_outlier_iqr_town_flattype,348250.0,606250.0,above upper (high)
2012-05,HOUGANG,5 ROOM,231,HOUGANG ST 21,06 TO 10,142.0,MODEL A-MAISONETTE,1984,660000.0,,56,4,56 years 4 months,True,price_outlier_iqr_town_flattype,395500.0,647500.0,above upper (high)
2016-08,KALLANG/WHAMPOA,3 ROOM,38,JLN BAHAGIA,01 TO 03,83.0,TERRACE,1972,660000.0,54.0,44,4,44 years 4 months,True,price_outlier_iqr_town_flattype,206063.5,498227.5,above upper (high)
2012-10,JURONG WEST,5 ROOM,517E,JURONG WEST ST 52,16 TO 18,116.0,IMPROVED,2000,660000.0,,72,4,72 years 4 months,True,price_outlier_iqr_town_flattype,350500.0,610500.0,above upper (high)
2012-10,JURONG WEST,5 ROOM,517E,JURONG WEST ST 52,07 TO 09,116.0,IMPROVED,2000,660000.0,,72,4,72 years 4 months,True,price_outlier_iqr_town_flattype,350500.0,610500.0,above upper (high)
2016-07,BUKIT MERAH,3 ROOM,29,LIM LIAK ST,01 TO 03,75.0,STANDARD,1973,660000.0,55.0,45,4,45 years 4 months,True,price_outlier_iqr_town_flattype,228300.0,539500.0,above upper (high)
2016-04,CLEMENTI,3 ROOM,441B,CLEMENTI AVE 3,10 TO 12,70.0,MODEL A,2012,660000.0,95.0,84,4,84 years 4 months,True,price_outlier_iqr_town_flattype,227000.0,491000.0,above upper (high)
2013-05,BUKIT MERAH,3 ROOM,41,KIM CHENG ST,04 TO 06,88.0,STANDARD,1973,660000.0,,45,4,45 years 4 months,True,price_outlier_iqr_town_flattype,228300.0,539500.0,above upper (high)
2016-05,HOUGANG,5 ROOM,461,HOUGANG AVE 10,10 TO 12,124.0,IMPROVED,1992,660000.0,75.0,64,4,64 years 4 months,True,price_outlier_iqr_town_flattype,395500.0,647500.0,above upper (high)
2016-07,HOUGANG,5 ROOM,838,HOUGANG CTRL,13 TO 15,118.0,IMPROVED,1997,660000.0,79.0,69,4,69 years 4 months,True,price_outlier_iqr_town_flattype,395500.0,647500.0,above upper (high)
2013-07,BEDOK,4 ROOM,220C,BEDOK CTRL,04 TO 06,87.0,MODEL A,2010,660000.0,,82,4,82 years 4 months,True,price_outlier_iqr_town_flattype,304042.0,567930.0,above upper (high)
2016-10,ANG MO KIO,4 ROOM,310B,ANG MO KIO AVE 1,07 TO 09,87.0,MODEL A,2012,660000.0,94.0,84,4,84 years 4 months,True,price_outlier_iqr_town_flattype,348250.0,606250.0,above upper (high)
2015-02,HOUGANG,5 ROOM,837,HOUGANG CTRL,10 TO 12,117.0,IMPROVED,1997,659000.0,81.0,69,4,69 years 4 months,True,price_outlier_iqr_town_flattype,395500.0,647500.0,above upper (high)
2014-06,HOUGANG,5 ROOM,373,HOUGANG ST 31,16 TO 18,123.0,IMPROVED,2000,658000.0,,72,4,72 years 4 months,True,price_outlier_iqr_town_flattype,395500.0,647500.0,above upper (high)
2013-11,PASIR RIS,5 ROOM,577,PASIR RIS ST 53,10 TO 12,124.0,IMPROVED,1995,658000.0,,67,4,67 years 4 months,True,price_outlier_iqr_town_flattype,387500.0,615500.0,above upper (high)
2013-11,HOUGANG,5 ROOM,837,HOUGANG CTRL,04 TO 06,119.0,IMPROVED,1997,656000.0,,69,4,69 years 4 months,True,price_outlier_iqr_town_flattype,395500.0,647500.0,above upper (high)
2012-05,HOUGANG,5 ROOM,233,HOUGANG ST 21,01 TO 05,144.0,MODEL A-MAISONETTE,1984,655000.0,,56,4,56 years 4 months,True,price_outlier_iqr_town_flattype,395500.0,647500.0,above upper (high)
2013-10,BUKIT BATOK,4 ROOM,621,BT BATOK CTRL,28 TO 30,90.0,MODEL A,2003,655000.0,,75,4,75 years 4 months,True,price_outlier_iqr_town_flattype,279275.0,563875.0,above upper (high)
2016-03,HOUGANG,5 ROOM,111,HOUGANG AVE 1,01 TO 03,137.0,IMPROVED-MAISONETTE,1983,655000.0,66.0,55,4,55 years 4 months,True,price_outlier_iqr_town_flattype,395500.0,647500.0,above upper (high)
2014-06,BUKIT MERAH,3 ROOM,42,KIM CHENG ST,01 TO 03,88.0,STANDARD,1973,655000.0,,45,4,45 years 4 months,True,price_outlier_iqr_town_flattype,228300.0,539500.0,above upper (high)
2012-08,ANG MO KIO,4 ROOM,596A,ANG MO KIO ST 52,25 TO 27,91.0,MODEL A,2002,655000.0,,74,4,74 years 4 months,True,price_outlier_iqr_town_flattype,348250.0,606250.0,above upper (high)
2016-01,BUKIT MERAH,3 ROOM,46,SENG POH RD,01 TO 03,88.0,STANDARD,1973,655000.0,56.0,45,4,45 years 4 months,True,price_outlier_iqr_town_flattype,228300.0,539500.0,above upper (high)
2014-03,BEDOK,4 ROOM,220B,BEDOK CTRL,07 TO 09,87.0,MODEL A,2010,655000.0,,82,4,82 years 4 months,True,price_outlier_iqr_town_flattype,304042.0,567930.0,above upper (high)
2015-03,BEDOK,4 ROOM,221A,BEDOK CTRL,04 TO 06,97.0,MODEL A,2010,655000.0,94.0,82,4,82 years 4 months,True,price_outlier_iqr_town_flattype,304042.0,567930.0,above upper (high)
2014-05,BEDOK,4 ROOM,219C,BEDOK CTRL,13 TO 15,87.0,MODEL A,2010,652000.0,,82,4,82 years 4 months,True,price_outlier_iqr_town_flattype,304042.0,567930.0,above upper (high)
2014-02,BEDOK,4 ROOM,221C,BEDOK CTRL,04 TO 06,94.0,MODEL A,2010,652000.0,,82,4,82 years 4 months,True,price_outlier_iqr_town_flattype,304042.0,567930.0,above upper (high)
2014-08,JURONG WEST,5 ROOM,517A,JURONG WEST ST 52,13 TO 15,116.0,IMPROVED,2000,651000.0,,72,4,72 years 4 months,True,price_outlier_iqr_town_flattype,350500.0,610500.0,above upper (high)
2016-08,BEDOK,4 ROOM,220A,BEDOK CTRL,04 TO 06,97.0,MODEL A,2010,650888.0,92.0,82,4,82 years 4 months,True,price_outlier_iqr_town_flattype,304042.0,567930.0,above upper (high)
2015-06,ANG MO KIO,4 ROOM,310B,ANG MO KIO AVE 1,16 TO 18,87.0,MODEL A,2012,650000.0,96.0,84,4,84 years 4 months,True,price_outlier_iqr_town_flattype,348250.0,606250.0,above upper (high)
2013-03,SENGKANG,4 ROOM,277A,COMPASSVALE LINK,13 TO 15,90.0,PREMIUM APARTMENT,2009,650000.0,,81,4,81 years 4 months,True,price_outlier_iqr_town_flattype,269500.0,617500.0,above upper (high)
2015-02,BUKIT MERAH,3 ROOM,22,TIONG BAHRU RD,04 TO 06,88.0,STANDARD,1973,650000.0,56.0,45,4,45 years 4 months,True,price_outlier_iqr_town_flattype,228300.0,539500.0,above upper (high)
2014-06,MARINE PARADE,4 ROOM,18,MARINE TER,13 TO 15,88.0,IMPROVED,1975,650000.0,,47,4,47 years 4 months,True,price_outlier_iqr_town_flattype,453250.0,631250.0,above upper (high)
2013-09,ANG MO KIO,4 ROOM,700B,ANG MO KIO AVE 6,22 TO 24,90.0,MODEL A,2003,650000.0,,75,4,75 years 4 months,True,price_outlier_iqr_town_flattype,348250.0,606250.0,above upper (high)
2014-07,BUKIT MERAH,3 ROOM,17,TIONG BAHRU RD,04 TO 06,88.0,STANDARD,1973,650000.0,,45,4,45 years 4 months,True,price_outlier_iqr_town_flattype,228300.0,539500.0,above upper (high)
2014-06,BUKIT MERAH,3 ROOM,45,KIM CHENG ST,01 TO 03,75.0,STANDARD,1973,650000.0,,45,4,45 years 4 months,True,price_outlier_iqr_town_flattype,228300.0,539500.0,above upper (high)
2016-02,ANG MO KIO,4 ROOM,307A,ANG MO KIO AVE 1,16 TO 18,88.0,MODEL A,2012,650000.0,95.0,84,4,84 years 4 months,True,price_outlier_iqr_town_flattype,348250.0,606250.0,above upper (high)
2015-10,BUKIT MERAH,3 ROOM,41,KIM CHENG ST,01 TO 03,88.0,STANDARD,1973,650000.0,56.0,45,4,45 years 4 months,True,price_outlier_iqr_town_flattype,228300.0,539500.0,above upper (high)
2015-04,HOUGANG,5 ROOM,836,HOUGANG CTRL,04 TO 06,117.0,IMPROVED,1997,650000.0,81.0,69,4,69 years 4 months,True,price_outlier_iqr_town_flattype,395500.0,647500.0,above upper (high)
2014-01,BUKIT MERAH,3 ROOM,21,LIM LIAK ST,01 TO 03,88.0,STANDARD,1973,650000.0,,45,4,45 years 4 months,True,price_outlier_iqr_town_flattype,228300.0,539500.0,above upper (high)
2013-06,HOUGANG,5 ROOM,137,LOR AH SOO,01 TO 03,144.0,MODEL A-MAISONETTE,1985,650000.0,,57,4,57 years 4 months,True,price_outlier_iqr_town_flattype,395500.0,647500.0,above upper (high)
2014-08,BUKIT MERAH,3 ROOM,50,MOH GUAN TER,01 TO 03,88.0,STANDARD,1973,650000.0,,45,4,45 years 4 months,True,price_outlier_iqr_town_flattype,228300.0,539500.0,above upper (high)
2012-11,BUKIT MERAH,3 ROOM,34,KIM CHENG ST,01 TO 03,88.0,STANDARD,1973,650000.0,,45,4,45 years 4 months,True,price_outlier_iqr_town_flattype,228300.0,539500.0,above upper (high)
2016-06,ANG MO KIO,4 ROOM,307C,ANG MO KIO AVE 1,13 TO 15,88.0,MODEL A,2012,650000.0,95.0,84,4,84 years 4 months,True,price_outlier_iqr_town_flattype,348250.0,606250.0,above upper (high)
2012-12,ANG MO KIO,4 ROOM,309A,ANG MO KIO ST 31,25 TO 27,95.0,MODEL A,2006,650000.0,,78,4,78 years 4 months,True,price_outlier_iqr_town_flattype,348250.0,606250.0,above upper (high)
2013-09,HOUGANG,5 ROOM,464,UPP SERANGOON RD,07 TO 09,126.0,IMPROVED,1992,649000.0,,64,4,64 years 4 months,True,price_outlier_iqr_town_flattype,395500.0,647500.0,above upper (high)
2014-06,BEDOK,4 ROOM,221A,BEDOK CTRL,10 TO 12,87.0,MODEL A,2010,648888.0,,82,4,82 years 4 months,True,price_outlier_iqr_town_flattype,304042.0,567930.0,above upper (high)
2012-01,PASIR RIS,5 ROOM,577,PASIR RIS ST 53,04 TO 06,135.0,MODEL A,1995,648000.0,,67,4,67 years 4 months,True,price_outlier_iqr_town_flattype,387500.0,615500.0,above upper (high)
2014-07,BEDOK,4 ROOM,221A,BEDOK CTRL,07 TO 09,87.0,MODEL A,2010,648000.0,,82,4,82 years 4 months,True,price_outlier_iqr_town_flattype,304042.0,567930.0,above upper (high)
2014-08,BUKIT MERAH,3 ROOM,22,TIONG BAHRU RD,04 TO 06,88.0,STANDARD,1973,648000.0,,45,4,45 years 4 months,True,price_outlier_iqr_town_flattype,228300.0,539500.0,above upper (high)
2016-12,ANG MO KIO,4 ROOM,307A,ANG MO KIO AVE 1,10 TO 12,95.0,MODEL A,2012,648000.0,94.0,84,4,84 years 4 months,True,price_outlier_iqr_town_flattype,348250.0,606250.0,above upper (high)
2016-05,ANG MO KIO,4 ROOM,596D,ANG MO KIO ST 52,19 TO 21,90.0,MODEL A,2003,648000.0,85.0,75,4,75 years 4 months,True,price_outlier_iqr_town_flattype,348250.0,606250.0,above upper (high)
2013-01,ANG MO KIO,4 ROOM,315A,ANG MO KIO ST 31,13 TO 15,95.0,MODEL A,2006,648000.0,,78,4,78 years 4 months,True,price_outlier_iqr_town_flattype,348250.0,606250.0,above upper (high)
2012-09,SENGKANG,5 ROOM,269C,COMPASSVALE LINK,10 TO 12,110.0,PREMIUM APARTMENT,2006,646000.0,,78,4,78 years 4 months,True,price_outlier_iqr_town_flattype,355500.0,626700.0,above upper (high)
2016-06,BEDOK,4 ROOM,219D,BEDOK CTRL,04 TO 06,94.0,MODEL A,2010,645000.0,92.0,82,4,82 years 4 months,True,price_outlier_iqr_town_flattype,304042.0,567930.0,above upper (high)
2016-06,BEDOK,4 ROOM,219B,BEDOK CTRL,04 TO 06,97.0,MODEL A,2010,645000.0,92.0,82,4,82 years 4 months,True,price_outlier_iqr_town_flattype,304042.0,567930.0,above upper (high)
2013-01,SENGKANG,4 ROOM,275B,COMPASSVALE LINK,10 TO 12,90.0,PREMIUM APARTMENT,2009,645000.0,,81,4,81 years 4 months,True,price_outlier_iqr_town_flattype,269500.0,617500.0,above upper (high)
2015-08,BEDOK,4 ROOM,219B,BEDOK CTRL,04 TO 06,97.0,MODEL A,2010,645000.0,93.0,82,4,82 years 4 months,True,price_outlier_iqr_town_flattype,304042.0,567930.0,above upper (high)
2013-05,CHOA CHU KANG,5 ROOM,632,CHOA CHU KANG NTH 6,10 TO 12,127.0,PREMIUM APARTMENT,1998,645000.0,,70,4,70 years 4 months,True,price_outlier_iqr_town_flattype,304500.0,612500.0,above upper (high)
2016-06,BEDOK,4 ROOM,219D,BEDOK CTRL,07 TO 09,94.0,MODEL A,2010,645000.0,92.0,82,4,82 years 4 months,True,price_outlier_iqr_town_flattype,304042.0,567930.0,above upper (high)
2012-02,SENGKANG,5 ROOM,269C,COMPASSVALE LINK,16 TO 18,110.0,PREMIUM APARTMENT,2006,645000.0,,78,4,78 years 4 months,True,price_outlier_iqr_town_flattype,355500.0,626700.0,above upper (high)
2014-03,BUKIT MERAH,3 ROOM,23,LIM LIAK ST,01 TO 03,88.0,STANDARD,1973,645000.0,,45,4,45 years 4 months,True,price_outlier_iqr_town_flattype,228300.0,539500.0,above upper (high)
2016-02,BEDOK,4 ROOM,221A,BEDOK CTRL,07 TO 09,94.0,MODEL A,2010,645000.0,93.0,82,4,82 years 4 months,True,price_outlier_iqr_town_flattype,304042.0,567930.0,above upper (high)
2015-12,BEDOK,4 ROOM,220B,BEDOK CTRL,04 TO 06,94.0,MODEL A,2010,645000.0,93.0,82,4,82 years 4 months,True,price_outlier_iqr_town_flattype,304042.0,567930.0,above upper (high)
2013-03,ANG MO KIO,4 ROOM,315A,ANG MO KIO ST 31,19 TO 21,95.0,MODEL A,2006,645000.0,,78,4,78 years 4 months,True,price_outlier_iqr_town_flattype,348250.0,606250.0,above upper (high)
2013-04,SENGKANG,4 ROOM,277C,COMPASSVALE LINK,10 TO 12,92.0,PREMIUM APARTMENT,2009,643000.0,,81,4,81 years 4 months,True,price_outlier_iqr_town_flattype,269500.0,617500.0,above upper (high)
2013-04,SENGKANG,4 ROOM,273C,COMPASSVALE LINK,13 TO 15,90.0,PREMIUM APARTMENT,2009,643000.0,,81,4,81 years 4 months,True,price_outlier_iqr_town_flattype,269500.0,617500.0,above upper (high)
2014-03,BEDOK,4 ROOM,221A,BEDOK CTRL,04 TO 06,87.0,MODEL A,2010,643000.0,,82,4,82 years 4 months,True,price_outlier_iqr_town_flattype,304042.0,567930.0,above upper (high)
2013-05,SENGKANG,4 ROOM,273D,COMPASSVALE LINK,10 TO 12,90.0,PREMIUM APARTMENT,2009,643000.0,,81,4,81 years 4 months,True,price_outlier_iqr_town_flattype,269500.0,617500.0,above upper (high)
2013-01,JURONG WEST,5 ROOM,517A,JURONG WEST ST 52,01 TO 03,115.0,IMPROVED,2000,642000.0,,72,4,72 years 4 months,True,price_outlier_iqr_town_flattype,350500.0,610500.0,above upper (high)
2013-11,BEDOK,4 ROOM,221C,BEDOK CTRL,01 TO 03,97.0,MODEL A,2010,642000.0,,82,4,82 years 4 months,True,price_outlier_iqr_town_flattype,304042.0,567930.0,above upper (high)
2012-02,ANG MO KIO,4 ROOM,700A,ANG MO KIO AVE 6,22 TO 24,90.0,MODEL A,2003,642000.0,,75,4,75 years 4 months,True,price_outlier_iqr_town_flattype,348250.0,606250.0,above upper (high)
2013-01,SENGKANG,4 ROOM,275C,COMPASSVALE LINK,10 TO 12,92.0,PREMIUM APARTMENT,2009,640000.0,,81,4,81 years 4 months,True,price_outlier_iqr_town_flattype,269500.0,617500.0,above upper (high)
2016-02,BEDOK,4 ROOM,219C,BEDOK CTRL,07 TO 09,97.0,MODEL A,2010,640000.0,93.0,82,4,82 years 4 months,True,price_outlier_iqr_town_flattype,304042.0,567930.0,above upper (high)
2015-08,ANG MO KIO,4 ROOM,310B,ANG MO KIO AVE 1,13 TO 15,94.0,MODEL A,2012,640000.0,96.0,84,4,84 years 4 months,True,price_outlier_iqr_town_flattype,348250.0,606250.0,above upper (high)
2012-10,PASIR RIS,5 ROOM,575,PASIR RIS ST 53,10 TO 12,126.0,IMPROVED,1995,640000.0,,67,4,67 years 4 months,True,price_outlier_iqr_town_flattype,387500.0,615500.0,above upper (high)
2012-05,JURONG WEST,5 ROOM,517D,JURONG WEST ST 52,11 TO 15,115.0,IMPROVED,2000,640000.0,,72,4,72 years 4 months,True,price_outlier_iqr_town_flattype,350500.0,610500.0,above upper (high)
2012-10,MARINE PARADE,4 ROOM,63,MARINE DR,13 TO 15,87.0,IMPROVED,1976,640000.0,,48,4,48 years 4 months,True,price_outlier_iqr_town_flattype,453250.0,631250.0,above upper (high)
2014-01,BEDOK,4 ROOM,220B,BEDOK CTRL,01 TO 03,94.0,MODEL A,2010,640000.0,,82,4,82 years 4 months,True,price_outlier_iqr_town_flattype,304042.0,567930.0,above upper (high)
2015-06,ANG MO KIO,4 ROOM,310A,ANG MO KIO AVE 1,22 TO 24,95.0,MODEL A,2012,640000.0,96.0,84,4,84 years 4 months,True,price_outlier_iqr_town_flattype,348250.0,606250.0,above upper (high)
2016-03,KALLANG/WHAMPOA,3 ROOM,8,BOON KENG RD,07 TO 09,70.0,DBSS,2011,640000.0,93.0,83,4,83 years 4 months,True,price_outlier_iqr_town_flattype,206063.5,498227.5,above upper (high)
2013-07,BEDOK,4 ROOM,220A,BEDOK CTRL,01 TO 03,97.0,MODEL A,2010,640000.0,,82,4,82 years 4 months,True,price_outlier_iqr_town_flattype,304042.0,567930.0,above upper (high)
2012-05,ANG MO KIO,4 ROOM,315A,ANG MO KIO ST 31,16 TO 20,95.0,MODEL A,2006,639888.0,,78,4,78 years 4 months,True,price_outlier_iqr_town_flattype,348250.0,606250.0,above upper (high)
2013-04,SENGKANG,4 ROOM,277A,COMPASSVALE LINK,10 TO 12,90.0,PREMIUM APARTMENT,2009,639000.0,,81,4,81 years 4 months,True,price_outlier_iqr_town_flattype,269500.0,617500.0,above upper (high)
2012-06,ANG MO KIO,4 ROOM,596B,ANG MO KIO ST 52,22 TO 24,91.0,MODEL A,2002,638000.0,,74,4,74 years 4 months,True,price_outlier_iqr_town_flattype,348250.0,606250.0,above upper (high)
2013-01,SENGKANG,4 ROOM,277C,COMPASSVALE LINK,13 TO 15,90.0,PREMIUM APARTMENT,2009,638000.0,,81,4,81 years 4 months,True,price_outlier_iqr_town_flattype,269500.0,617500.0,above upper (high)
2013-08,MARINE PARADE,4 ROOM,62,MARINE DR,10 TO 12,87.0,IMPROVED,1976,638000.0,,48,4,48 years 4 months,True,price_outlier_iqr_town_flattype,453250.0,631250.0,above upper (high)
2013-10,BUKIT MERAH,3 ROOM,42,KIM CHENG ST,04 TO 06,88.0,STANDARD,1973,638000.0,,45,4,45 years 4 months,True,price_outlier_iqr_town_flattype,228300.0,539500.0,above upper (high)
2012-12,MARINE PARADE,4 ROOM,45,MARINE CRES,13 TO 15,88.0,IMPROVED,1975,638000.0,,47,4,47 years 4 months,True,price_outlier_iqr_town_flattype,453250.0,631250.0,above upper (high)
2013-07,SENGKANG,5 ROOM,268C,COMPASSVALE LINK,13 TO 15,111.0,PREMIUM APARTMENT,2006,638000.0,,78,4,78 years 4 months,True,price_outlier_iqr_town_flattype,355500.0,626700.0,above upper (high)
2013-05,SENGKANG,4 ROOM,277A,COMPASSVALE LINK,10 TO 12,90.0,PREMIUM APARTMENT,2009,638000.0,,81,4,81 years 4 months,True,price_outlier_iqr_town_flattype,269500.0,617500.0,above upper (high)
2014-04,CHOA CHU KANG,5 ROOM,638,CHOA CHU KANG ST 64,04 TO 06,123.0,PREMIUM APARTMENT,1998,638000.0,,70,4,70 years 4 months,True,price_outlier_iqr_town_flattype,304500.0,612500.0,above upper (high)
2014-02,SENGKANG,5 ROOM,268C,COMPASSVALE LINK,10 TO 12,110.0,PREMIUM APARTMENT,2006,638000.0,,78,4,78 years 4 months,True,price_outlier_iqr_town_flattype,355500.0,626700.0,above upper (high)
2013-04,SENGKANG,4 ROOM,273C,COMPASSVALE LINK,16 TO 18,90.0,PREMIUM APARTMENT,2009,638000.0,,81,4,81 years 4 months,True,price_outlier_iqr_town_flattype,269500.0,617500.0,above upper (high)
2015-02,BEDOK,4 ROOM,220C,BEDOK CTRL,10 TO 12,94.0,MODEL A,2010,637500.0,94.0,82,4,82 years 4 months,True,price_outlier_iqr_town_flattype,304042.0,567930.0,above upper (high)
2012-10,SENGKANG,4 ROOM,275A,COMPASSVALE LINK,13 TO 15,90.0,PREMIUM APARTMENT,2009,637000.0,,81,4,81 years 4 months,True,price_outlier_iqr_town_flattype,269500.0,617500.0,above upper (high)
2013-01,BUKIT MERAH,3 ROOM,17,SENG POH RD,01 TO 03,88.0,STANDARD,1973,636300.0,,45,4,45 years 4 months,True,price_outlier_iqr_town_flattype,228300.0,539500.0,above upper (high)
2016-11,BEDOK,4 ROOM,221B,BEDOK CTRL,01 TO 03,94.0,MODEL A,2010,636000.0,92.0,82,4,82 years 4 months,True,price_outlier_iqr_town_flattype,304042.0,567930.0,above upper (high)
2015-12,BUKIT MERAH,3 ROOM,20,TIONG BAHRU RD,01 TO 03,88.0,STANDARD,1973,635888.0,56.0,45,4,45 years 4 months,True,price_outlier_iqr_town_flattype,228300.0,539500.0,above upper (high)
2016-11,BUKIT MERAH,3 ROOM,34,KIM CHENG ST,04 TO 06,88.0,STANDARD,1973,635000.0,55.0,45,4,45 years 4 months,True,price_outlier_iqr_town_flattype,228300.0,539500.0,above upper (high)
2016-10,BEDOK,4 ROOM,183,BEDOK NTH RD,16 TO 18,92.0,MODEL A,2005,635000.0,88.0,77,4,77 years 4 months,True,price_outlier_iqr_town_flattype,304042.0,567930.0,above upper (high)
2014-10,BUKIT MERAH,3 ROOM,27,LIM LIAK ST,01 TO 03,88.0,STANDARD,1973,635000.0,,45,4,45 years 4 months,True,price_outlier_iqr_town_flattype,228300.0,539500.0,above upper (high)
2013-04,SENGKANG,4 ROOM,273D,COMPASSVALE LINK,13 TO 15,90.0,PREMIUM APARTMENT,2009,635000.0,,81,4,81 years 4 months,True,price_outlier_iqr_town_flattype,269500.0,617500.0,above upper (high)
2013-11,ANG MO KIO,4 ROOM,317,ANG MO KIO ST 31,04 TO 06,113.0,MODEL A,1994,635000.0,,66,4,66 years 4 months,True,price_outlier_iqr_town_flattype,348250.0,606250.0,above upper (high)
2014-07,BEDOK,4 ROOM,220B,BEDOK CTRL,04 TO 06,97.0,MODEL A,2010,635000.0,,82,4,82 years 4 months,True,price_outlier_iqr_town_flattype,304042.0,567930.0,above upper (high)
2012-07,BUKIT MERAH,3 ROOM,24,TIONG BAHRU RD,04 TO 06,88.0,STANDARD,1973,635000.0,,45,4,45 years 4 months,True,price_outlier_iqr_town_flattype,228300.0,539500.0,above upper (high)
2013-04,BUKIT MERAH,3 ROOM,44,MOH GUAN TER,01 TO 03,77.0,STANDARD,1973,635000.0,,45,4,45 years 4 months,True,price_outlier_iqr_town_flattype,228300.0,539500.0,above upper (high)
2014-11,BEDOK,4 ROOM,220A,BEDOK CTRL,04 TO 06,97.0,MODEL A,2010,635000.0,,82,4,82 years 4 months,True,price_outlier_iqr_town_flattype,304042.0,567930.0,above upper (high)
2012-03,ANG MO KIO,4 ROOM,596C,ANG MO KIO ST 52,21 TO 25,91.0,MODEL A,2002,635000.0,,74,4,74 years 4 months,True,price_outlier_iqr_town_flattype,348250.0,606250.0,above upper (high)
2012-12,SENGKANG,4 ROOM,275D,COMPASSVALE LINK,10 TO 12,90.0,PREMIUM APARTMENT,2009,633000.0,,81,4,81 years 4 months,True,price_outlier_iqr_town_flattype,269500.0,617500.0,above upper (high)
2015-05,ANG MO KIO,4 ROOM,596A,ANG MO KIO ST 52,22 TO 24,91.0,MODEL A,2002,633000.0,86.0,74,4,74 years 4 months,True,price_outlier_iqr_town_flattype,348250.0,606250.0,above upper (high)
2016-10,ANG MO KIO,4 ROOM,316A,ANG MO KIO ST 31,25 TO 27,95.0,MODEL A,2006,632888.0,88.0,78,4,78 years 4 months,True,price_outlier_iqr_town_flattype,348250.0,606250.0,above upper (high)
2013-09,JURONG WEST,5 ROOM,517A,JURONG WEST ST 52,04 TO 06,115.0,IMPROVED,2000,632000.0,,72,4,72 years 4 months,True,price_outlier_iqr_town_flattype,350500.0,610500.0,above upper (high)
2013-09,SENGKANG,4 ROOM,272D,SENGKANG CTRL,13 TO 15,90.0,PREMIUM APARTMENT,2009,631888.0,,81,4,81 years 4 months,True,price_outlier_iqr_town_flattype,269500.0,617500.0,above upper (high)
2015-01,BUKIT MERAH,3 ROOM,46,SENG POH RD,01 TO 03,88.0,STANDARD,1973,631000.0,57.0,45,4,45 years 4 months,True,price_outlier_iqr_town_flattype,228300.0,539500.0,above upper (high)
2012-12,ANG MO KIO,4 ROOM,309A,ANG MO KIO ST 31,13 TO 15,95.0,MODEL A,2006,630888.0,,78,4,78 years 4 months,True,price_outlier_iqr_town_flattype,348250.0,606250.0,above upper (high)
2015-01,BUKIT MERAH,3 ROOM,29,LIM LIAK ST,04 TO 06,88.0,STANDARD,1973,630000.0,57.0,45,4,45 years 4 months,True,price_outlier_iqr_town_flattype,228300.0,539500.0,above upper (high)
2016-12,BUKIT MERAH,3 ROOM,34,KIM CHENG ST,01 TO 03,88.0,STANDARD,1973,630000.0,55.0,45,4,45 years 4 months,True,price_outlier_iqr_town_flattype,228300.0,539500.0,above upper (high)
2013-04,PASIR RIS,5 ROOM,568,PASIR RIS ST 51,13 TO 15,122.0,IMPROVED,1992,630000.0,,64,4,64 years 4 months,True,price_outlier_iqr_town_flattype,387500.0,615500.0,above upper (high)
2014-03,BEDOK,4 ROOM,221C,BEDOK CTRL,04 TO 06,94.0,MODEL A,2010,630000.0,,82,4,82 years 4 months,True,price_outlier_iqr_town_flattype,304042.0,567930.0,above upper (high)
2016-02,BEDOK,4 ROOM,219D,BEDOK CTRL,01 TO 03,97.0,MODEL A,2010,630000.0,93.0,82,4,82 years 4 months,True,price_outlier_iqr_town_flattype,304042.0,567930.0,above upper (high)
2015-04,BEDOK,4 ROOM,221C,BEDOK CTRL,07 TO 09,94.0,MODEL A,2010,630000.0,94.0,82,4,82 years 4 months,True,price_outlier_iqr_town_flattype,304042.0,567930.0,above upper (high)
2013-04,CHOA CHU KANG,5 ROOM,633,CHOA CHU KANG NTH 6,01 TO 03,127.0,PREMIUM APARTMENT,1998,630000.0,,70,4,70 years 4 months,True,price_outlier_iqr_town_flattype,304500.0,612500.0,above upper (high)
2013-07,SENGKANG,4 ROOM,273B,COMPASSVALE LINK,16 TO 18,90.0,PREMIUM APARTMENT,2009,630000.0,,81,4,81 years 4 months,True,price_outlier_iqr_town_flattype,269500.0,617500.0,above upper (high)
2015-04,ANG MO KIO,4 ROOM,596D,ANG MO KIO ST 52,19 TO 21,91.0,MODEL A,2003,630000.0,86.0,75,4,75 years 4 months,True,price_outlier_iqr_town_flattype,348250.0,606250.0,above upper (high)
2013-01,SENGKANG,4 ROOM,277C,COMPASSVALE LINK,07 TO 09,92.0,PREMIUM APARTMENT,2009,630000.0,,81,4,81 years 4 months,True,price_outlier_iqr_town_flattype,269500.0,617500.0,above upper (high)
2016-04,ANG MO KIO,4 ROOM,351,ANG MO KIO ST 32,28 TO 30,95.0,MODEL A,2001,630000.0,84.0,73,4,73 years 4 months,True,price_outlier_iqr_town_flattype,348250.0,606250.0,above upper (high)
2014-06,BUKIT MERAH,3 ROOM,45,KIM CHENG ST,04 TO 06,88.0,STANDARD,1973,630000.0,,45,4,45 years 4 months,True,price_outlier_iqr_town_flattype,228300.0,539500.0,above upper (high)
2016-07,BUKIT MERAH,3 ROOM,48,MOH GUAN TER,01 TO 03,77.0,STANDARD,1973,630000.0,55.0,45,4,45 years 4 months,True,price_outlier_iqr_town_flattype,228300.0,539500.0,above upper (high)
2014-08,BEDOK,4 ROOM,219C,BEDOK CTRL,01 TO 03,97.0,MODEL A,2010,630000.0,,82,4,82 years 4 months,True,price_outlier_iqr_town_flattype,304042.0,567930.0,above upper (high)
2016-02,ANG MO KIO,4 ROOM,596D,ANG MO KIO ST 52,22 TO 24,91.0,MODEL A,2003,630000.0,86.0,75,4,75 years 4 months,True,price_outlier_iqr_town_flattype,348250.0,606250.0,above upper (high)
2014-10,ANG MO KIO,4 ROOM,596B,ANG MO KIO ST 52,28 TO 30,90.0,MODEL A,2002,630000.0,,74,4,74 years 4 months,True,price_outlier_iqr_town_flattype,348250.0,606250.0,above upper (high)
2015-07,BUKIT MERAH,3 ROOM,23,LIM LIAK ST,01 TO 03,88.0,STANDARD,1973,630000.0,56.0,45,4,45 years 4 months,True,price_outlier_iqr_town_flattype,228300.0,539500.0,above upper (high)
2016-11,ANG MO KIO,EXECUTIVE,615,ANG MO KIO AVE 4,04 TO 06,152.0,APARTMENT,1996,630000.0,78.0,68,4,68 years 4 months,True,price_outlier_iqr_town_flattype,701375.0,890375.0,below lower (low)
2013-05,PASIR RIS,5 ROOM,575,PASIR RIS ST 53,04 TO 06,126.0,IMPROVED,1995,630000.0,,67,4,67 years 4 months,True,price_outlier_iqr_town_flattype,387500.0,615500.0,above upper (high)
2015-09,BUKIT MERAH,3 ROOM,17,TIONG BAHRU RD,01 TO 03,88.0,STANDARD,1973,628888.0,56.0,45,4,45 years 4 months,True,price_outlier_iqr_town_flattype,228300.0,539500.0,above upper (high)
2014-06,BEDOK,4 ROOM,221C,BEDOK CTRL,10 TO 12,94.0,MODEL A,2010,628000.0,,82,4,82 years 4 months,True,price_outlier_iqr_town_flattype,304042.0,567930.0,above upper (high)
2012-12,ANG MO KIO,4 ROOM,700B,ANG MO KIO AVE 6,22 TO 24,90.0,MODEL A,2003,628000.0,,75,4,75 years 4 months,True,price_outlier_iqr_town_flattype,348250.0,606250.0,above upper (high)
2014-08,BUKIT MERAH,3 ROOM,49,KIM PONG RD,01 TO 03,88.0,STANDARD,1973,628000.0,,45,4,45 years 4 months,True,price_outlier_iqr_town_flattype,228300.0,539500.0,above upper (high)
2016-01,ANG MO KIO,4 ROOM,700C,ANG MO KIO AVE 6,19 TO 21,85.0,MODEL A,2003,628000.0,86.0,75,4,75 years 4 months,True,price_outlier_iqr_town_flattype,348250.0,606250.0,above upper (high)
2016-06,ANG MO KIO,EXECUTIVE,613,ANG MO KIO AVE 4,01 TO 03,149.0,APARTMENT,1996,628000.0,78.0,68,4,68 years 4 months,True,price_outlier_iqr_town_flattype,701375.0,890375.0,below lower (low)
2013-05,PASIR RIS,5 ROOM,576,PASIR RIS ST 53,07 TO 09,123.0,IMPROVED,1995,628000.0,,67,4,67 years 4 months,True,price_outlier_iqr_town_flattype,387500.0,615500.0,above upper (high)
2013-05,BEDOK,4 ROOM,111,LENGKONG TIGA,10 TO 12,104.0,MODEL A,1989,627000.0,,61,4,61 years 4 months,True,price_outlier_iqr_town_flattype,304042.0,567930.0,above upper (high)
2016-05,BUKIT MERAH,3 ROOM,33,LIM LIAK ST,01 TO 03,88.0,STANDARD,1973,627000.0,55.0,45,4,45 years 4 months,True,price_outlier_iqr_town_flattype,228300.0,539500.0,above upper (high)
2013-04,JURONG WEST,5 ROOM,522,JURONG WEST ST 52,19 TO 21,118.0,IMPROVED,1982,626800.0,,54,4,54 years 4 months,True,price_outlier_iqr_town_flattype,350500.0,610500.0,above upper (high)
2015-09,ANG MO KIO,4 ROOM,596C,ANG MO KIO ST 52,19 TO 21,91.0,MODEL A,2002,625600.0,86.0,74,4,74 years 4 months,True,price_outlier_iqr_town_flattype,348250.0,606250.0,above upper (high)
2015-06,BEDOK,4 ROOM,221A,BEDOK CTRL,10 TO 12,97.0,MODEL A,2010,625000.0,93.0,82,4,82 years 4 months,True,price_outlier_iqr_town_flattype,304042.0,567930.0,above upper (high)
2013-06,SENGKANG,4 ROOM,272D,SENGKANG CTRL,13 TO 15,90.0,PREMIUM APARTMENT,2009,625000.0,,81,4,81 years 4 months,True,price_outlier_iqr_town_flattype,269500.0,617500.0,above upper (high)
2013-06,SENGKANG,4 ROOM,273D,COMPASSVALE LINK,13 TO 15,90.0,PREMIUM APARTMENT,2009,625000.0,,81,4,81 years 4 months,True,price_outlier_iqr_town_flattype,269500.0,617500.0,above upper (high)
2012-10,PASIR RIS,5 ROOM,576,PASIR RIS ST 53,01 TO 03,126.0,IMPROVED,1995,625000.0,,67,4,67 years 4 months,True,price_outlier_iqr_town_flattype,387500.0,615500.0,above upper (high)
2013-04,ANG MO KIO,4 ROOM,309A,ANG MO KIO ST 31,10 TO 12,95.0,MODEL A,2006,625000.0,,78,4,78 years 4 months,True,price_outlier_iqr_town_flattype,348250.0,606250.0,above upper (high)
2014-08,BUKIT BATOK,4 ROOM,621,BT BATOK CTRL,25 TO 27,90.0,MODEL A,2003,625000.0,,75,4,75 years 4 months,True,price_outlier_iqr_town_flattype,279275.0,563875.0,above upper (high)
2012-10,SENGKANG,4 ROOM,272C,SENGKANG CTRL,13 TO 15,90.0,PREMIUM APARTMENT,2009,625000.0,,81,4,81 years 4 months,True,price_outlier_iqr_town_flattype,269500.0,617500.0,above upper (high)
2013-04,BEDOK,4 ROOM,115,LENGKONG TIGA,07 TO 09,108.0,MODEL A,1989,625000.0,,61,4,61 years 4 months,True,price_outlier_iqr_town_flattype,304042.0,567930.0,above upper (high)
2016-11,ANG MO KIO,4 ROOM,700C,ANG MO KIO AVE 6,16 TO 18,85.0,MODEL A,2003,625000.0,85.0,75,4,75 years 4 months,True,price_outlier_iqr_town_flattype,348250.0,606250.0,above upper (high)
2015-10,BEDOK,4 ROOM,221B,BEDOK CTRL,04 TO 06,94.0,MODEL A,2010,625000.0,93.0,82,4,82 years 4 months,True,price_outlier_iqr_town_flattype,304042.0,567930.0,above upper (high)
2012-11,BUKIT BATOK,4 ROOM,625,BT BATOK CTRL,07 TO 09,101.0,MODEL A,1997,625000.0,,69,4,69 years 4 months,True,price_outlier_iqr_town_flattype,279275.0,563875.0,above upper (high)
2013-08,ANG MO KIO,4 ROOM,596C,ANG MO KIO ST 52,10 TO 12,91.0,MODEL A,2002,625000.0,,74,4,74 years 4 months,True,price_outlier_iqr_town_flattype,348250.0,606250.0,above upper (high)
2015-07,ANG MO KIO,4 ROOM,307A,ANG MO KIO AVE 1,13 TO 15,95.0,MODEL A,2012,625000.0,96.0,84,4,84 years 4 months,True,price_outlier_iqr_town_flattype,348250.0,606250.0,above upper (high)
2014-10,BEDOK,4 ROOM,221A,BEDOK CTRL,07 TO 09,94.0,MODEL A,2010,625000.0,,82,4,82 years 4 months,True,price_outlier_iqr_town_flattype,304042.0,567930.0,above upper (high)
2016-10,QUEENSTOWN,5 ROOM,22,DOVER CRES,04 TO 06,133.0,MODEL A,1993,625000.0,75.0,65,4,65 years 4 months,True,price_outlier_iqr_town_flattype,674501.0,1009165.0,below lower (low)
2016-07,ANG MO KIO,4 ROOM,307A,ANG MO KIO AVE 1,16 TO 18,88.0,MODEL A,2012,625000.0,95.0,84,4,84 years 4 months,True,price_outlier_iqr_town_flattype,348250.0,606250.0,above upper (high)
2014-12,BUKIT MERAH,3 ROOM,23,LIM LIAK ST,01 TO 03,88.0,STANDARD,1973,625000.0,,45,4,45 years 4 months,True,price_outlier_iqr_town_flattype,228300.0,539500.0,above upper (high)
2015-01,BUKIT MERAH,3 ROOM,27,LIM LIAK ST,04 TO 06,88.0,STANDARD,1973,625000.0,57.0,45,4,45 years 4 months,True,price_outlier_iqr_town_flattype,228300.0,539500.0,above upper (high)
2013-01,SENGKANG,4 ROOM,275B,COMPASSVALE LINK,13 TO 15,90.0,PREMIUM APARTMENT,2009,625000.0,,81,4,81 years 4 months,True,price_outlier_iqr_town_flattype,269500.0,617500.0,above upper (high)
2013-05,SENGKANG,4 ROOM,275C,COMPASSVALE LINK,13 TO 15,92.0,PREMIUM APARTMENT,2009,624000.0,,81,4,81 years 4 months,True,price_outlier_iqr_town_flattype,269500.0,617500.0,above upper (high)
2014-06,PASIR RIS,5 ROOM,571,PASIR RIS ST 53,10 TO 12,126.0,IMPROVED,1995,623000.0,,67,4,67 years 4 months,True,price_outlier_iqr_town_flattype,387500.0,615500.0,above upper (high)
2013-07,SENGKANG,4 ROOM,272C,SENGKANG CTRL,13 TO 15,90.0,PREMIUM APARTMENT,2009,623000.0,,81,4,81 years 4 months,True,price_outlier_iqr_town_flattype,269500.0,617500.0,above upper (high)
2012-05,CHOA CHU KANG,5 ROOM,642,CHOA CHU KANG ST 64,06 TO 10,123.0,PREMIUM APARTMENT,1998,623000.0,,70,4,70 years 4 months,True,price_outlier_iqr_town_flattype,304500.0,612500.0,above upper (high)
2013-05,SENGKANG,4 ROOM,275B,COMPASSVALE LINK,07 TO 09,90.0,PREMIUM APARTMENT,2009,622500.0,,81,4,81 years 4 months,True,price_outlier_iqr_town_flattype,269500.0,617500.0,above upper (high)
2012-12,SENGKANG,4 ROOM,275C,COMPASSVALE LINK,13 TO 15,90.0,PREMIUM APARTMENT,2009,622000.0,,81,4,81 years 4 months,True,price_outlier_iqr_town_flattype,269500.0,617500.0,above upper (high)
2012-11,JURONG WEST,5 ROOM,517A,JURONG WEST ST 52,01 TO 03,115.0,IMPROVED,2000,622000.0,,72,4,72 years 4 months,True,price_outlier_iqr_town_flattype,350500.0,610500.0,above upper (high)
2012-06,ANG MO KIO,4 ROOM,596B,ANG MO KIO ST 52,19 TO 21,90.0,MODEL A,2002,620000.0,,74,4,74 years 4 months,True,price_outlier_iqr_town_flattype,348250.0,606250.0,above upper (high)
2015-07,BUKIT MERAH,3 ROOM,38,KIM PONG RD,01 TO 03,88.0,STANDARD,1974,620000.0,57.0,46,4,46 years 4 months,True,price_outlier_iqr_town_flattype,228300.0,539500.0,above upper (high)
2013-04,SENGKANG,4 ROOM,275C,COMPASSVALE LINK,10 TO 12,90.0,PREMIUM APARTMENT,2009,620000.0,,81,4,81 years 4 months,True,price_outlier_iqr_town_flattype,269500.0,617500.0,above upper (high)
2015-12,BUKIT MERAH,3 ROOM,26,TIONG BAHRU RD,04 TO 06,88.0,STANDARD,1973,620000.0,56.0,45,4,45 years 4 months,True,price_outlier_iqr_town_flattype,228300.0,539500.0,above upper (high)
2013-07,SENGKANG,4 ROOM,275B,COMPASSVALE LINK,13 TO 15,90.0,PREMIUM APARTMENT,2009,620000.0,,81,4,81 years 4 months,True,price_outlier_iqr_town_flattype,269500.0,617500.0,above upper (high)
2015-03,BEDOK,4 ROOM,219D,BEDOK CTRL,04 TO 06,94.0,MODEL A,2010,620000.0,94.0,82,4,82 years 4 months,True,price_outlier_iqr_town_flattype,304042.0,567930.0,above upper (high)
2016-11,QUEENSTOWN,5 ROOM,21,QUEEN'S CL,04 TO 06,125.0,IMPROVED,1996,620000.0,78.0,68,4,68 years 4 months,True,price_outlier_iqr_town_flattype,674501.0,1009165.0,below lower (low)
2013-07,ANG MO KIO,4 ROOM,315B,ANG MO KIO ST 31,10 TO 12,95.0,MODEL A,2006,620000.0,,78,4,78 years 4 months,True,price_outlier_iqr_town_flattype,348250.0,606250.0,above upper (high)
2016-12,BEDOK,4 ROOM,221C,BEDOK CTRL,01 TO 03,94.0,MODEL A,2010,620000.0,92.0,82,4,82 years 4 months,True,price_outlier_iqr_town_flattype,304042.0,567930.0,above upper (high)
2014-12,BUKIT MERAH,3 ROOM,36,MOH GUAN TER,01 TO 03,88.0,STANDARD,1973,620000.0,,45,4,45 years 4 months,True,price_outlier_iqr_town_flattype,228300.0,539500.0,above upper (high)
2013-03,ANG MO KIO,4 ROOM,324,ANG MO KIO AVE 3,10 TO 12,98.0,NEW GENERATION,1978,620000.0,,50,4,50 years 4 months,True,price_outlier_iqr_town_flattype,348250.0,606250.0,above upper (high)
2014-01,ANG MO KIO,4 ROOM,596C,ANG MO KIO ST 52,16 TO 18,91.0,MODEL A,2002,620000.0,,74,4,74 years 4 months,True,price_outlier_iqr_town_flattype,348250.0,606250.0,above upper (high)
2013-04,ANG MO KIO,4 ROOM,344,ANG MO KIO AVE 3,07 TO 09,98.0,NEW GENERATION,1978,620000.0,,50,4,50 years 4 months,True,price_outlier_iqr_town_flattype,348250.0,606250.0,above upper (high)
2013-03,SENGKANG,4 ROOM,277B,COMPASSVALE LINK,13 TO 15,90.0,PREMIUM APARTMENT,2009,620000.0,,81,4,81 years 4 months,True,price_outlier_iqr_town_flattype,269500.0,617500.0,above upper (high)
2015-07,ANG MO KIO,4 ROOM,310C,ANG MO KIO AVE 1,10 TO 12,94.0,MODEL A,2012,620000.0,96.0,84,4,84 years 4 months,True,price_outlier_iqr_town_flattype,348250.0,606250.0,above upper (high)
2014-09,BEDOK,4 ROOM,221A,BEDOK CTRL,10 TO 12,94.0,MODEL A,2010,620000.0,,82,4,82 years 4 months,True,price_outlier_iqr_town_flattype,304042.0,567930.0,above upper (high)
2013-06,SENGKANG,4 ROOM,275B,COMPASSVALE LINK,13 TO 15,90.0,PREMIUM APARTMENT,2009,620000.0,,81,4,81 years 4 months,True,price_outlier_iqr_town_flattype,269500.0,617500.0,above upper (high)
2012-01,CHOA CHU KANG,5 ROOM,633,CHOA CHU KANG NTH 6,13 TO 15,127.0,PREMIUM APARTMENT,1998,620000.0,,70,4,70 years 4 months,True,price_outlier_iqr_town_flattype,304500.0,612500.0,above upper (high)
2014-05,BEDOK,4 ROOM,219A,BEDOK CTRL,07 TO 09,97.0,MODEL A,2010,620000.0,,82,4,82 years 4 months,True,price_outlier_iqr_town_flattype,304042.0,567930.0,above upper (high)
2016-09,TAMPINES,4 ROOM,168A,SIMEI LANE,10 TO 12,94.0,DBSS,2011,620000.0,93.0,83,4,83 years 4 months,True,price_outlier_iqr_town_flattype,331668.0,567220.0,above upper (high)
2013-06,ANG MO KIO,4 ROOM,596B,ANG MO KIO ST 52,04 TO 06,93.0,MODEL A,2002,620000.0,,74,4,74 years 4 months,True,price_outlier_iqr_town_flattype,348250.0,606250.0,above upper (high)
2013-10,SENGKANG,4 ROOM,275B,COMPASSVALE LINK,10 TO 12,90.0,PREMIUM APARTMENT,2009,620000.0,,81,4,81 years 4 months,True,price_outlier_iqr_town_flattype,269500.0,617500.0,above upper (high)
2015-11,ANG MO KIO,4 ROOM,315A,ANG MO KIO ST 31,25 TO 27,95.0,MODEL A,2006,620000.0,89.0,78,4,78 years 4 months,True,price_outlier_iqr_town_flattype,348250.0,606250.0,above upper (high)
2016-06,ANG MO KIO,4 ROOM,596D,ANG MO KIO ST 52,25 TO 27,85.0,MODEL A,2003,620000.0,85.0,75,4,75 years 4 months,True,price_outlier_iqr_town_flattype,348250.0,606250.0,above upper (high)
2016-12,ANG MO KIO,4 ROOM,307C,ANG MO KIO AVE 1,19 TO 21,88.0,MODEL A,2012,620000.0,94.0,84,4,84 years 4 months,True,price_outlier_iqr_town_flattype,348250.0,606250.0,above upper (high)
2015-07,BEDOK,4 ROOM,221A,BEDOK CTRL,07 TO 09,97.0,MODEL A,2010,620000.0,93.0,82,4,82 years 4 months,True,price_outlier_iqr_town_flattype,304042.0,567930.0,above upper (high)
2013-09,SENGKANG,4 ROOM,273B,COMPASSVALE LINK,13 TO 15,90.0,PREMIUM APARTMENT,2009,620000.0,,81,4,81 years 4 months,True,price_outlier_iqr_town_flattype,269500.0,617500.0,above upper (high)
2016-07,TAMPINES,4 ROOM,168B,SIMEI LANE,10 TO 12,94.0,DBSS,2011,618388.0,93.0,83,4,83 years 4 months,True,price_outlier_iqr_town_flattype,331668.0,567220.0,above upper (high)
2013-01,PASIR RIS,5 ROOM,571,PASIR RIS ST 53,07 TO 09,126.0,IMPROVED,1995,618000.0,,67,4,67 years 4 months,True,price_outlier_iqr_town_flattype,387500.0,615500.0,above upper (high)
2016-05,ANG MO KIO,4 ROOM,315B,ANG MO KIO ST 31,13 TO 15,95.0,MODEL A,2006,618000.0,88.0,78,4,78 years 4 months,True,price_outlier_iqr_town_flattype,348250.0,606250.0,above upper (high)
2016-08,BUKIT MERAH,3 ROOM,28,TIONG BAHRU RD,04 TO 06,88.0,STANDARD,1973,618000.0,55.0,45,4,45 years 4 months,True,price_outlier_iqr_town_flattype,228300.0,539500.0,above upper (high)
2016-07,KALLANG/WHAMPOA,3 ROOM,8,BOON KENG RD,10 TO 12,70.0,DBSS,2011,618000.0,93.0,83,4,83 years 4 months,True,price_outlier_iqr_town_flattype,206063.5,498227.5,above upper (high)
2015-12,ANG MO KIO,4 ROOM,316A,ANG MO KIO ST 31,22 TO 24,95.0,MODEL A,2006,618000.0,89.0,78,4,78 years 4 months,True,price_outlier_iqr_town_flattype,348250.0,606250.0,above upper (high)
2013-01,ANG MO KIO,4 ROOM,596C,ANG MO KIO ST 52,07 TO 09,91.0,MODEL A,2002,618000.0,,74,4,74 years 4 months,True,price_outlier_iqr_town_flattype,348250.0,606250.0,above upper (high)
2016-08,TAMPINES,4 ROOM,168B,SIMEI LANE,10 TO 12,94.0,DBSS,2011,618000.0,93.0,83,4,83 years 4 months,True,price_outlier_iqr_town_flattype,331668.0,567220.0,above upper (high)
2012-12,SENGKANG,4 ROOM,269A,COMPASSVALE LINK,16 TO 18,90.0,PREMIUM APARTMENT,2006,618000.0,,78,4,78 years 4 months,True,price_outlier_iqr_town_flattype,269500.0,617500.0,above upper (high)
2013-06,SENGKANG,4 ROOM,272B,SENGKANG CTRL,13 TO 15,90.0,PREMIUM APARTMENT,2009,618000.0,,81,4,81 years 4 months,True,price_outlier_iqr_town_flattype,269500.0,617500.0,above upper (high)
2012-09,CHOA CHU KANG,5 ROOM,633,CHOA CHU KANG NTH 6,13 TO 15,127.0,PREMIUM APARTMENT,1998,618000.0,,70,4,70 years 4 months,True,price_outlier_iqr_town_flattype,304500.0,612500.0,above upper (high)
2012-08,SENGKANG,4 ROOM,275A,COMPASSVALE LINK,13 TO 15,90.0,PREMIUM APARTMENT,2009,618000.0,,81,4,81 years 4 months,True,price_outlier_iqr_town_flattype,269500.0,617500.0,above upper (high)
2013-12,ANG MO KIO,4 ROOM,700B,ANG MO KIO AVE 6,07 TO 09,90.0,MODEL A,2003,616000.0,,75,4,75 years 4 months,True,price_outlier_iqr_town_flattype,348250.0,606250.0,above upper (high)
2014-06,BEDOK,4 ROOM,220B,BEDOK CTRL,04 TO 06,87.0,MODEL A,2010,616000.0,,82,4,82 years 4 months,True,price_outlier_iqr_town_flattype,304042.0,567930.0,above upper (high)
2016-09,TAMPINES,4 ROOM,167C,SIMEI LANE,10 TO 12,94.0,DBSS,2011,615000.0,93.0,83,4,83 years 4 months,True,price_outlier_iqr_town_flattype,331668.0,567220.0,above upper (high)
2013-06,ANG MO KIO,4 ROOM,351,ANG MO KIO ST 32,16 TO 18,95.0,MODEL A,2001,615000.0,,73,4,73 years 4 months,True,price_outlier_iqr_town_flattype,348250.0,606250.0,above upper (high)
2015-11,ANG MO KIO,4 ROOM,596C,ANG MO KIO ST 52,13 TO 15,91.0,MODEL A,2002,615000.0,86.0,74,4,74 years 4 months,True,price_outlier_iqr_town_flattype,348250.0,606250.0,above upper (high)
2015-08,BEDOK,4 ROOM,221A,BEDOK CTRL,07 TO 09,94.0,MODEL A,2010,615000.0,93.0,82,4,82 years 4 months,True,price_outlier_iqr_town_flattype,304042.0,567930.0,above upper (high)
2013-05,BUKIT MERAH,3 ROOM,20,TIONG BAHRU RD,04 TO 06,88.0,STANDARD,1973,615000.0,,45,4,45 years 4 months,True,price_outlier_iqr_town_flattype,228300.0,539500.0,above upper (high)
2013-04,YISHUN,5 ROOM,810,YISHUN RING RD,07 TO 09,123.0,IMPROVED,1987,615000.0,,59,4,59 years 4 months,True,price_outlier_iqr_town_flattype,361930.0,598842.0,above upper (high)
2012-07,CHOA CHU KANG,5 ROOM,643,CHOA CHU KANG ST 64,07 TO 09,123.0,PREMIUM APARTMENT,1998,615000.0,,70,4,70 years 4 months,True,price_outlier_iqr_town_flattype,304500.0,612500.0,above upper (high)
2013-11,CHOA CHU KANG,5 ROOM,643,CHOA CHU KANG ST 64,10 TO 12,123.0,PREMIUM APARTMENT,1998,615000.0,,70,4,70 years 4 months,True,price_outlier_iqr_town_flattype,304500.0,612500.0,above upper (high)
2016-11,BEDOK,4 ROOM,183,BEDOK NTH RD,10 TO 12,92.0,MODEL A,2005,615000.0,88.0,77,4,77 years 4 months,True,price_outlier_iqr_town_flattype,304042.0,567930.0,above upper (high)
2014-12,BUKIT MERAH,3 ROOM,25,LIM LIAK ST,01 TO 03,88.0,STANDARD,1973,615000.0,,45,4,45 years 4 months,True,price_outlier_iqr_town_flattype,228300.0,539500.0,above upper (high)
2015-04,BEDOK,4 ROOM,221A,BEDOK CTRL,07 TO 09,87.0,MODEL A,2010,615000.0,94.0,82,4,82 years 4 months,True,price_outlier_iqr_town_flattype,304042.0,567930.0,above upper (high)
2014-07,BUKIT BATOK,4 ROOM,622,BT BATOK CTRL,22 TO 24,90.0,MODEL A,2003,615000.0,,75,4,75 years 4 months,True,price_outlier_iqr_town_flattype,279275.0,563875.0,above upper (high)
2016-04,KALLANG/WHAMPOA,3 ROOM,7,BOON KENG RD,10 TO 12,70.0,DBSS,2011,615000.0,93.0,83,4,83 years 4 months,True,price_outlier_iqr_town_flattype,206063.5,498227.5,above upper (high)
2016-04,KALLANG/WHAMPOA,3 ROOM,9,BOON KENG RD,07 TO 09,70.0,DBSS,2011,615000.0,93.0,83,4,83 years 4 months,True,price_outlier_iqr_town_flattype,206063.5,498227.5,above upper (high)
2013-06,CHOA CHU KANG,5 ROOM,641,CHOA CHU KANG ST 64,04 TO 06,123.0,PREMIUM APARTMENT,1998,615000.0,,70,4,70 years 4 months,True,price_outlier_iqr_town_flattype,304500.0,612500.0,above upper (high)
2012-10,JURONG WEST,5 ROOM,532,JURONG WEST ST 52,22 TO 24,118.0,IMPROVED,1982,615000.0,,54,4,54 years 4 months,True,price_outlier_iqr_town_flattype,350500.0,610500.0,above upper (high)
2015-08,BUKIT MERAH,3 ROOM,49,KIM PONG RD,01 TO 03,88.0,STANDARD,1973,615000.0,56.0,45,4,45 years 4 months,True,price_outlier_iqr_town_flattype,228300.0,539500.0,above upper (high)
2013-07,BEDOK,4 ROOM,111,LENGKONG TIGA,04 TO 06,104.0,MODEL A,1989,615000.0,,61,4,61 years 4 months,True,price_outlier_iqr_town_flattype,304042.0,567930.0,above upper (high)
2016-03,KALLANG/WHAMPOA,3 ROOM,8,BOON KENG RD,10 TO 12,70.0,DBSS,2011,614000.0,93.0,83,4,83 years 4 months,True,price_outlier_iqr_town_flattype,206063.5,498227.5,above upper (high)
2012-11,CHOA CHU KANG,5 ROOM,632,CHOA CHU KANG NTH 6,16 TO 18,127.0,PREMIUM APARTMENT,1998,613000.0,,70,4,70 years 4 months,True,price_outlier_iqr_town_flattype,304500.0,612500.0,above upper (high)
2013-08,BUKIT MERAH,3 ROOM,38,KIM PONG RD,01 TO 03,88.0,STANDARD,1974,613000.0,,46,4,46 years 4 months,True,price_outlier_iqr_town_flattype,228300.0,539500.0,above upper (high)
2015-05,BUKIT MERAH,3 ROOM,48,MOH GUAN TER,01 TO 03,60.0,STANDARD,1973,613000.0,56.0,45,4,45 years 4 months,True,price_outlier_iqr_town_flattype,228300.0,539500.0,above upper (high)
2014-05,ANG MO KIO,4 ROOM,596C,ANG MO KIO ST 52,19 TO 21,91.0,MODEL A,2002,613000.0,,74,4,74 years 4 months,True,price_outlier_iqr_town_flattype,348250.0,606250.0,above upper (high)
2013-02,CHOA CHU KANG,5 ROOM,638,CHOA CHU KANG ST 64,01 TO 03,123.0,PREMIUM APARTMENT,1998,613000.0,,70,4,70 years 4 months,True,price_outlier_iqr_town_flattype,304500.0,612500.0,above upper (high)
2016-06,TAMPINES,4 ROOM,167D,SIMEI LANE,07 TO 09,94.0,DBSS,2011,613000.0,93.0,83,4,83 years 4 months,True,price_outlier_iqr_town_flattype,331668.0,567220.0,above upper (high)
2016-08,KALLANG/WHAMPOA,3 ROOM,9,BOON KENG RD,07 TO 09,69.0,DBSS,2011,612000.0,93.0,83,4,83 years 4 months,True,price_outlier_iqr_town_flattype,206063.5,498227.5,above upper (high)
2016-09,BUKIT MERAH,3 ROOM,58,HAVELOCK RD,34 TO 36,69.0,MODEL A,2013,612000.0,95.0,85,4,85 years 4 months,True,price_outlier_iqr_town_flattype,228300.0,539500.0,above upper (high)
2013-02,ANG MO KIO,4 ROOM,309A,ANG MO KIO ST 31,07 TO 09,95.0,MODEL A,2006,612000.0,,78,4,78 years 4 months,True,price_outlier_iqr_town_flattype,348250.0,606250.0,above upper (high)
2016-05,TAMPINES,4 ROOM,168A,SIMEI LANE,10 TO 12,94.0,DBSS,2011,610088.0,93.0,83,4,83 years 4 months,True,price_outlier_iqr_town_flattype,331668.0,567220.0,above upper (high)
2012-03,ANG MO KIO,4 ROOM,700B,ANG MO KIO AVE 6,11 TO 15,91.0,MODEL A,2003,610000.0,,75,4,75 years 4 months,True,price_outlier_iqr_town_flattype,348250.0,606250.0,above upper (high)
2015-08,BEDOK,4 ROOM,221C,BEDOK CTRL,01 TO 03,94.0,MODEL A,2010,610000.0,93.0,82,4,82 years 4 months,True,price_outlier_iqr_town_flattype,304042.0,567930.0,above upper (high)
2015-05,ANG MO KIO,4 ROOM,315A,ANG MO KIO ST 31,28 TO 30,95.0,MODEL A,2006,610000.0,89.0,78,4,78 years 4 months,True,price_outlier_iqr_town_flattype,348250.0,606250.0,above upper (high)
2013-10,BUKIT BATOK,4 ROOM,622,BT BATOK CTRL,10 TO 12,90.0,MODEL A,2003,610000.0,,75,4,75 years 4 months,True,price_outlier_iqr_town_flattype,279275.0,563875.0,above upper (high)
2016-09,BUKIT MERAH,3 ROOM,58,HAVELOCK RD,22 TO 24,69.0,MODEL A,2013,610000.0,95.0,85,4,85 years 4 months,True,price_outlier_iqr_town_flattype,228300.0,539500.0,above upper (high)
2016-04,QUEENSTOWN,3 ROOM,18A,HOLLAND DR,31 TO 33,67.0,MODEL A,2012,610000.0,95.0,84,4,84 years 4 months,True,price_outlier_iqr_town_flattype,193937.5,563637.5,above upper (high)
2012-10,BEDOK,4 ROOM,103,LENGKONG TIGA,10 TO 12,104.0,MODEL A,1989,610000.0,,61,4,61 years 4 months,True,price_outlier_iqr_town_flattype,304042.0,567930.0,above upper (high)
2016-06,BEDOK,4 ROOM,112,LENGKONG TIGA,04 TO 06,104.0,MODEL A,1989,610000.0,71.0,61,4,61 years 4 months,True,price_outlier_iqr_town_flattype,304042.0,567930.0,above upper (high)
2013-04,BUKIT MERAH,3 ROOM,20,TIONG BAHRU RD,01 TO 03,88.0,STANDARD,1973,610000.0,,45,4,45 years 4 months,True,price_outlier_iqr_town_flattype,228300.0,539500.0,above upper (high)
2016-10,BEDOK,4 ROOM,220B,BEDOK CTRL,13 TO 15,94.0,MODEL A,2010,610000.0,92.0,82,4,82 years 4 months,True,price_outlier_iqr_town_flattype,304042.0,567930.0,above upper (high)
2013-04,BEDOK,4 ROOM,181,BEDOK NTH RD,16 TO 18,92.0,MODEL A,2006,610000.0,,78,4,78 years 4 months,True,price_outlier_iqr_town_flattype,304042.0,567930.0,above upper (high)
2014-03,BUKIT MERAH,3 ROOM,17,TIONG BAHRU RD,01 TO 03,75.0,STANDARD,1973,610000.0,,45,4,45 years 4 months,True,price_outlier_iqr_town_flattype,228300.0,539500.0,above upper (high)
2013-04,BEDOK,4 ROOM,183,BEDOK NTH RD,13 TO 15,92.0,MODEL A,2005,610000.0,,77,4,77 years 4 months,True,price_outlier_iqr_town_flattype,304042.0,567930.0,above upper (high)
2016-04,KALLANG/WHAMPOA,3 ROOM,9,BOON KENG RD,01 TO 03,69.0,DBSS,2011,608000.0,93.0,83,4,83 years 4 months,True,price_outlier_iqr_town_flattype,206063.5,498227.5,above upper (high)
2015-10,BUKIT MERAH,3 ROOM,38,KIM PONG RD,01 TO 03,88.0,STANDARD,1974,608000.0,57.0,46,4,46 years 4 months,True,price_outlier_iqr_town_flattype,228300.0,539500.0,above upper (high)
2012-06,BEDOK,4 ROOM,116,LENGKONG TIGA,07 TO 09,104.0,MODEL A,1989,608000.0,,61,4,61 years 4 months,True,price_outlier_iqr_town_flattype,304042.0,567930.0,above upper (high)
2016-03,BUKIT MERAH,3 ROOM,126C,KIM TIAN RD,37 TO 39,62.0,MODEL A,2013,608000.0,95.0,85,4,85 years 4 months,True,price_outlier_iqr_town_flattype,228300.0,539500.0,above upper (high)
2013-02,BUKIT BATOK,4 ROOM,625,BT BATOK CTRL,07 TO 09,101.0,MODEL A,1997,605000.0,,69,4,69 years 4 months,True,price_outlier_iqr_town_flattype,279275.0,563875.0,above upper (high)
2015-09,BEDOK,4 ROOM,112,LENGKONG TIGA,07 TO 09,104.0,MODEL A,1989,605000.0,72.0,61,4,61 years 4 months,True,price_outlier_iqr_town_flattype,304042.0,567930.0,above upper (high)
2016-11,BUKIT MERAH,3 ROOM,55,HAVELOCK RD,31 TO 33,69.0,MODEL A,2013,605000.0,95.0,85,4,85 years 4 months,True,price_outlier_iqr_town_flattype,228300.0,539500.0,above upper (high)
2012-03,BUKIT BATOK,4 ROOM,620,BT BATOK CTRL,16 TO 20,90.0,MODEL A,2003,602000.0,,75,4,75 years 4 months,True,price_outlier_iqr_town_flattype,279275.0,563875.0,above upper (high)
2014-05,BUKIT MERAH,3 ROOM,19,LIM LIAK ST,01 TO 03,75.0,STANDARD,1973,601000.0,,45,4,45 years 4 months,True,price_outlier_iqr_town_flattype,228300.0,539500.0,above upper (high)
2016-05,TAMPINES,4 ROOM,167B,SIMEI LANE,10 TO 12,94.0,DBSS,2011,601000.0,93.0,83,4,83 years 4 months,True,price_outlier_iqr_town_flattype,331668.0,567220.0,above upper (high)
2016-07,BUKIT MERAH,3 ROOM,22,TIONG BAHRU RD,01 TO 03,75.0,STANDARD,1973,600000.0,55.0,45,4,45 years 4 months,True,price_outlier_iqr_town_flattype,228300.0,539500.0,above upper (high)
2015-12,BEDOK,4 ROOM,221A,BEDOK CTRL,01 TO 03,94.0,MODEL A,2010,600000.0,93.0,82,4,82 years 4 months,True,price_outlier_iqr_town_flattype,304042.0,567930.0,above upper (high)
2012-08,QUEENSTOWN,5 ROOM,81,STRATHMORE AVE,19 TO 21,130.0,MODEL A,1993,600000.0,,65,4,65 years 4 months,True,price_outlier_iqr_town_flattype,674501.0,1009165.0,below lower (low)
2014-02,HOUGANG,4 ROOM,830,HOUGANG CTRL,10 TO 12,104.0,MODEL A,1992,600000.0,,64,4,64 years 4 months,True,price_outlier_iqr_town_flattype,298000.0,538000.0,above upper (high)
2013-05,BUKIT MERAH,3 ROOM,45,KIM CHENG ST,01 TO 03,88.0,STANDARD,1973,600000.0,,45,4,45 years 4 months,True,price_outlier_iqr_town_flattype,228300.0,539500.0,above upper (high)
2013-04,YISHUN,5 ROOM,805,YISHUN RING RD,07 TO 09,122.0,IMPROVED,1987,600000.0,,59,4,59 years 4 months,True,price_outlier_iqr_town_flattype,361930.0,598842.0,above upper (high)
2012-08,BUKIT MERAH,3 ROOM,17,TIONG BAHRU RD,01 TO 03,75.0,STANDARD,1973,600000.0,,45,4,45 years 4 months,True,price_outlier_iqr_town_flattype,228300.0,539500.0,above upper (high)
2013-07,YISHUN,5 ROOM,865,YISHUN ST 81,10 TO 12,122.0,IMPROVED,1988,600000.0,,60,4,60 years 4 months,True,price_outlier_iqr_town_flattype,361930.0,598842.0,above upper (high)
2013-08,BEDOK,4 ROOM,181,BEDOK NTH RD,10 TO 12,92.0,MODEL A,2006,600000.0,,78,4,78 years 4 months,True,price_outlier_iqr_town_flattype,304042.0,567930.0,above upper (high)
2016-10,BUKIT MERAH,3 ROOM,57,HAVELOCK RD,28 TO 30,69.0,MODEL A,2013,600000.0,95.0,85,4,85 years 4 months,True,price_outlier_iqr_town_flattype,228300.0,539500.0,above upper (high)
2016-03,BEDOK,4 ROOM,183,BEDOK NTH RD,13 TO 15,92.0,MODEL A,2005,600000.0,88.0,77,4,77 years 4 months,True,price_outlier_iqr_town_flattype,304042.0,567930.0,above upper (high)
2016-02,KALLANG/WHAMPOA,3 ROOM,9,BOON KENG RD,04 TO 06,69.0,DBSS,2011,600000.0,93.0,83,4,83 years 4 months,True,price_outlier_iqr_town_flattype,206063.5,498227.5,above upper (high)
2012-12,BEDOK,4 ROOM,114,LENGKONG TIGA,04 TO 06,104.0,MODEL A,1989,600000.0,,61,4,61 years 4 months,True,price_outlier_iqr_town_flattype,304042.0,567930.0,above upper (high)
2013-10,BUKIT MERAH,3 ROOM,38,KIM PONG RD,01 TO 03,75.0,STANDARD,1974,600000.0,,46,4,46 years 4 months,True,price_outlier_iqr_town_flattype,228300.0,539500.0,above upper (high)
2016-08,BEDOK,4 ROOM,185,BEDOK NTH RD,10 TO 12,92.0,MODEL A,2005,600000.0,88.0,77,4,77 years 4 months,True,price_outlier_iqr_town_flattype,304042.0,567930.0,above upper (high)
2015-04,BUKIT MERAH,3 ROOM,43,MOH GUAN TER,01 TO 03,77.0,STANDARD,1973,600000.0,56.0,45,4,45 years 4 months,True,price_outlier_iqr_town_flattype,228300.0,539500.0,above upper (high)
2015-08,CENTRAL AREA,3 ROOM,5,TG PAGAR PLAZA,22 TO 24,70.0,IMPROVED,1977,599000.0,60.0,49,4,49 years 4 months,True,price_outlier_iqr_town_flattype,292000.0,580000.0,above upper (high)
2016-12,BUKIT MERAH,3 ROOM,58,HAVELOCK RD,16 TO 18,69.0,MODEL A,2013,599000.0,95.0,85,4,85 years 4 months,True,price_outlier_iqr_town_flattype,228300.0,539500.0,above upper (high)
2012-09,BUKIT MERAH,3 ROOM,17,TIONG BAHRU RD,01 TO 03,88.0,STANDARD,1973,598000.0,,45,4,45 years 4 months,True,price_outlier_iqr_town_flattype,228300.0,539500.0,above upper (high)
2013-06,BEDOK,4 ROOM,180,BEDOK NTH RD,13 TO 15,92.0,MODEL A,2006,598000.0,,78,4,78 years 4 months,True,price_outlier_iqr_town_flattype,304042.0,567930.0,above upper (high)
2013-10,BEDOK,4 ROOM,183,BEDOK NTH RD,10 TO 12,92.0,MODEL A,2005,598000.0,,77,4,77 years 4 months,True,price_outlier_iqr_town_flattype,304042.0,567930.0,above upper (high)
2012-02,BEDOK,4 ROOM,180,BEDOK NTH RD,19 TO 21,85.0,MODEL A,2006,598000.0,,78,4,78 years 4 months,True,price_outlier_iqr_town_flattype,304042.0,567930.0,above upper (high)
2016-12,BEDOK,4 ROOM,182,BEDOK NTH RD,16 TO 18,92.0,MODEL A,2006,598000.0,88.0,78,4,78 years 4 months,True,price_outlier_iqr_town_flattype,304042.0,567930.0,above upper (high)
2014-04,BEDOK,4 ROOM,112,LENGKONG TIGA,04 TO 06,104.0,MODEL A,1989,598000.0,,61,4,61 years 4 months,True,price_outlier_iqr_town_flattype,304042.0,567930.0,above upper (high)
2016-10,BUKIT MERAH,3 ROOM,57,HAVELOCK RD,25 TO 27,69.0,MODEL A,2013,598000.0,95.0,85,4,85 years 4 months,True,price_outlier_iqr_town_flattype,228300.0,539500.0,above upper (high)
2015-12,TAMPINES,4 ROOM,518A,TAMPINES CTRL 7,16 TO 18,92.0,DBSS,2008,597000.0,92.0,80,4,80 years 4 months,True,price_outlier_iqr_town_flattype,331668.0,567220.0,above upper (high)
2016-05,BEDOK,4 ROOM,183,BEDOK NTH RD,13 TO 15,92.0,MODEL A,2005,597000.0,88.0,77,4,77 years 4 months,True,price_outlier_iqr_town_flattype,304042.0,567930.0,above upper (high)
2016-07,QUEENSTOWN,3 ROOM,18A,HOLLAND DR,25 TO 27,67.0,MODEL A,2012,596888.0,95.0,84,4,84 years 4 months,True,price_outlier_iqr_town_flattype,193937.5,563637.5,above upper (high)
2016-06,TAMPINES,4 ROOM,168B,SIMEI LANE,07 TO 09,94.0,DBSS,2011,595000.0,93.0,83,4,83 years 4 months,True,price_outlier_iqr_town_flattype,331668.0,567220.0,above upper (high)
2015-12,QUEENSTOWN,3 ROOM,18A,HOLLAND DR,34 TO 36,67.0,MODEL A,2012,595000.0,95.0,84,4,84 years 4 months,True,price_outlier_iqr_town_flattype,193937.5,563637.5,above upper (high)
2016-02,BEDOK,4 ROOM,111,LENGKONG TIGA,04 TO 06,104.0,MODEL A,1989,595000.0,72.0,61,4,61 years 4 months,True,price_outlier_iqr_town_flattype,304042.0,567930.0,above upper (high)
2012-05,BUKIT MERAH,3 ROOM,25,LIM LIAK ST,01 TO 05,88.0,STANDARD,1973,595000.0,,45,4,45 years 4 months,True,price_outlier_iqr_town_flattype,228300.0,539500.0,above upper (high)
2013-03,BEDOK,4 ROOM,183,BEDOK NTH RD,13 TO 15,85.0,MODEL A,2005,595000.0,,77,4,77 years 4 months,True,price_outlier_iqr_town_flattype,304042.0,567930.0,above upper (high)
2013-05,BEDOK,4 ROOM,183,BEDOK NTH RD,07 TO 09,92.0,MODEL A,2005,593000.0,,77,4,77 years 4 months,True,price_outlier_iqr_town_flattype,304042.0,567930.0,above upper (high)
2015-08,BEDOK,4 ROOM,111,LENGKONG TIGA,01 TO 03,104.0,MODEL A,1989,590000.0,72.0,61,4,61 years 4 months,True,price_outlier_iqr_town_flattype,304042.0,567930.0,above upper (high)
2016-02,KALLANG/WHAMPOA,3 ROOM,7,BOON KENG RD,04 TO 06,69.0,DBSS,2011,590000.0,94.0,83,4,83 years 4 months,True,price_outlier_iqr_town_flattype,206063.5,498227.5,above upper (high)
2016-07,QUEENSTOWN,3 ROOM,18A,HOLLAND DR,16 TO 18,67.0,MODEL A,2012,590000.0,95.0,84,4,84 years 4 months,True,price_outlier_iqr_town_flattype,193937.5,563637.5,above upper (high)
2013-01,BEDOK,4 ROOM,185,BEDOK NTH RD,04 TO 06,92.0,MODEL A,2005,590000.0,,77,4,77 years 4 months,True,price_outlier_iqr_town_flattype,304042.0,567930.0,above upper (high)
2016-08,KALLANG/WHAMPOA,3 ROOM,9,BOON KENG RD,04 TO 06,69.0,DBSS,2011,590000.0,93.0,83,4,83 years 4 months,True,price_outlier_iqr_town_flattype,206063.5,498227.5,above upper (high)
2012-09,BUKIT MERAH,3 ROOM,37,LIM LIAK ST,01 TO 03,75.0,STANDARD,1974,590000.0,,46,4,46 years 4 months,True,price_outlier_iqr_town_flattype,228300.0,539500.0,above upper (high)
2015-04,BEDOK,4 ROOM,221B,BEDOK CTRL,04 TO 06,94.0,MODEL A,2010,590000.0,94.0,82,4,82 years 4 months,True,price_outlier_iqr_town_flattype,304042.0,567930.0,above upper (high)
2012-04,BUKIT MERAH,3 ROOM,37,LIM LIAK ST,01 TO 05,88.0,STANDARD,1974,590000.0,,46,4,46 years 4 months,True,price_outlier_iqr_town_flattype,228300.0,539500.0,above upper (high)
2013-04,TAMPINES,4 ROOM,242,SIMEI ST 5,07 TO 09,105.0,MODEL A,1997,590000.0,,69,4,69 years 4 months,True,price_outlier_iqr_town_flattype,331668.0,567220.0,above upper (high)
2013-06,BEDOK,4 ROOM,180,BEDOK NTH RD,10 TO 12,92.0,MODEL A,2006,590000.0,,78,4,78 years 4 months,True,price_outlier_iqr_town_flattype,304042.0,567930.0,above upper (high)
2012-10,BEDOK,4 ROOM,181,BEDOK NTH RD,16 TO 18,92.0,MODEL A,2006,590000.0,,78,4,78 years 4 months,True,price_outlier_iqr_town_flattype,304042.0,567930.0,above upper (high)
2012-10,BEDOK,4 ROOM,185,BEDOK NTH RD,13 TO 15,92.0,MODEL A,2005,590000.0,,77,4,77 years 4 months,True,price_outlier_iqr_town_flattype,304042.0,567930.0,above upper (high)
2012-07,BEDOK,4 ROOM,182,BEDOK NTH RD,16 TO 18,92.0,MODEL A,2006,590000.0,,78,4,78 years 4 months,True,price_outlier_iqr_town_flattype,304042.0,567930.0,above upper (high)
2016-04,BUKIT BATOK,4 ROOM,621,BT BATOK CTRL,19 TO 21,90.0,MODEL A,2003,590000.0,86.0,75,4,75 years 4 months,True,price_outlier_iqr_town_flattype,279275.0,563875.0,above upper (high)
2014-05,TAMPINES,4 ROOM,515A,TAMPINES CTRL 7,13 TO 15,92.0,DBSS,2008,590000.0,,80,4,80 years 4 months,True,price_outlier_iqr_town_flattype,331668.0,567220.0,above upper (high)
2013-11,BUKIT MERAH,3 ROOM,41,KIM CHENG ST,01 TO 03,75.0,STANDARD,1973,590000.0,,45,4,45 years 4 months,True,price_outlier_iqr_town_flattype,228300.0,539500.0,above upper (high)
2014-12,BEDOK,4 ROOM,219A,BEDOK CTRL,01 TO 03,97.0,MODEL A,2010,590000.0,,82,4,82 years 4 months,True,price_outlier_iqr_town_flattype,304042.0,567930.0,above upper (high)
2014-01,HOUGANG,4 ROOM,832,HOUGANG CTRL,16 TO 18,107.0,MODEL A,1992,590000.0,,64,4,64 years 4 months,True,price_outlier_iqr_town_flattype,298000.0,538000.0,above upper (high)
2016-09,BEDOK,4 ROOM,183,BEDOK NTH RD,07 TO 09,92.0,MODEL A,2005,588888.0,88.0,77,4,77 years 4 months,True,price_outlier_iqr_town_flattype,304042.0,567930.0,above upper (high)
2015-10,TAMPINES,4 ROOM,518A,TAMPINES CTRL 7,10 TO 12,92.0,DBSS,2008,588000.0,92.0,80,4,80 years 4 months,True,price_outlier_iqr_town_flattype,331668.0,567220.0,above upper (high)
2016-11,BUKIT MERAH,3 ROOM,52,HAVELOCK RD,31 TO 33,69.0,MODEL A,2013,588000.0,95.0,85,4,85 years 4 months,True,price_outlier_iqr_town_flattype,228300.0,539500.0,above upper (high)
2013-02,WOODLANDS,5 ROOM,363,WOODLANDS AVE 5,07 TO 09,121.0,IMPROVED,1996,585500.0,,68,4,68 years 4 months,True,price_outlier_iqr_town_flattype,350000.0,550000.0,above upper (high)
2014-02,BEDOK,4 ROOM,183,BEDOK NTH RD,13 TO 15,92.0,MODEL A,2005,585000.0,,77,4,77 years 4 months,True,price_outlier_iqr_town_flattype,304042.0,567930.0,above upper (high)
2013-01,CENTRAL AREA,3 ROOM,3,TG PAGAR PLAZA,13 TO 15,70.0,IMPROVED,1977,585000.0,,49,4,49 years 4 months,True,price_outlier_iqr_town_flattype,292000.0,580000.0,above upper (high)
2016-06,QUEENSTOWN,5 ROOM,21,QUEEN'S CL,01 TO 03,125.0,IMPROVED,1996,585000.0,79.0,68,4,68 years 4 months,True,price_outlier_iqr_town_flattype,674501.0,1009165.0,below lower (low)
2014-05,BEDOK,4 ROOM,181,BEDOK NTH RD,19 TO 21,92.0,MODEL A,2006,585000.0,,78,4,78 years 4 months,True,price_outlier_iqr_town_flattype,304042.0,567930.0,above upper (high)
2016-04,TAMPINES,4 ROOM,167C,SIMEI LANE,07 TO 09,94.0,DBSS,2011,585000.0,93.0,83,4,83 years 4 months,True,price_outlier_iqr_town_flattype,331668.0,567220.0,above upper (high)
2013-06,HOUGANG,4 ROOM,830,HOUGANG CTRL,10 TO 12,106.0,MODEL A,1992,585000.0,,64,4,64 years 4 months,True,price_outlier_iqr_town_flattype,298000.0,538000.0,above upper (high)
2012-07,BUKIT MERAH,3 ROOM,42,KIM CHENG ST,01 TO 03,75.0,STANDARD,1973,585000.0,,45,4,45 years 4 months,True,price_outlier_iqr_town_flattype,228300.0,539500.0,above upper (high)
2015-10,BEDOK,4 ROOM,183,BEDOK NTH RD,16 TO 18,92.0,MODEL A,2005,585000.0,89.0,77,4,77 years 4 months,True,price_outlier_iqr_town_flattype,304042.0,567930.0,above upper (high)
2016-06,TAMPINES,4 ROOM,168C,SIMEI LANE,07 TO 09,94.0,DBSS,2011,585000.0,93.0,83,4,83 years 4 months,True,price_outlier_iqr_town_flattype,331668.0,567220.0,above upper (high)
2016-05,TAMPINES,4 ROOM,167B,SIMEI LANE,04 TO 06,94.0,DBSS,2011,585000.0,93.0,83,4,83 years 4 months,True,price_outlier_iqr_town_flattype,331668.0,567220.0,above upper (high)
2012-11,JURONG EAST,4 ROOM,276,TOH GUAN RD,13 TO 15,101.0,MODEL A,1998,585000.0,,70,4,70 years 4 months,True,price_outlier_iqr_town_flattype,292500.0,560500.0,above upper (high)
2014-04,HOUGANG,4 ROOM,830,HOUGANG CTRL,13 TO 15,106.0,MODEL A,1992,585000.0,,64,4,64 years 4 months,True,price_outlier_iqr_town_flattype,298000.0,538000.0,above upper (high)
2013-05,BEDOK,4 ROOM,180,BEDOK NTH RD,10 TO 12,92.0,MODEL A,2006,583000.0,,78,4,78 years 4 months,True,price_outlier_iqr_town_flattype,304042.0,567930.0,above upper (high)
2015-08,BEDOK,4 ROOM,180,BEDOK NTH RD,19 TO 21,92.0,MODEL A,2006,583000.0,89.0,78,4,78 years 4 months,True,price_outlier_iqr_town_flattype,304042.0,567930.0,above upper (high)
2014-03,TAMPINES,4 ROOM,515B,TAMPINES CTRL 7,01 TO 03,95.0,DBSS,2008,582000.0,,80,4,80 years 4 months,True,price_outlier_iqr_town_flattype,331668.0,567220.0,above upper (high)
2013-02,BUKIT BATOK,4 ROOM,625,BT BATOK CTRL,04 TO 06,102.0,MODEL A,1997,582000.0,,69,4,69 years 4 months,True,price_outlier_iqr_town_flattype,279275.0,563875.0,above upper (high)
2015-04,BEDOK,4 ROOM,183,BEDOK NTH RD,16 TO 18,92.0,MODEL A,2005,580000.0,89.0,77,4,77 years 4 months,True,price_outlier_iqr_town_flattype,304042.0,567930.0,above upper (high)
2015-10,BUKIT BATOK,4 ROOM,621,BT BATOK CTRL,19 TO 21,90.0,MODEL A,2003,580000.0,87.0,75,4,75 years 4 months,True,price_outlier_iqr_town_flattype,279275.0,563875.0,above upper (high)
2012-10,BUKIT MERAH,3 ROOM,20,TIONG BAHRU RD,04 TO 06,88.0,STANDARD,1973,580000.0,,45,4,45 years 4 months,True,price_outlier_iqr_town_flattype,228300.0,539500.0,above upper (high)
2013-01,HOUGANG,4 ROOM,832,HOUGANG CTRL,04 TO 06,107.0,MODEL A,1992,580000.0,,64,4,64 years 4 months,True,price_outlier_iqr_town_flattype,298000.0,538000.0,above upper (high)
2015-11,BEDOK,4 ROOM,181,BEDOK NTH RD,16 TO 18,92.0,MODEL A,2006,580000.0,89.0,78,4,78 years 4 months,True,price_outlier_iqr_town_flattype,304042.0,567930.0,above upper (high)
2015-11,QUEENSTOWN,3 ROOM,18A,HOLLAND DR,16 TO 18,67.0,MODEL A,2012,580000.0,95.0,84,4,84 years 4 months,True,price_outlier_iqr_town_flattype,193937.5,563637.5,above upper (high)
2015-11,BEDOK,4 ROOM,183,BEDOK NTH RD,16 TO 18,92.0,MODEL A,2005,580000.0,89.0,77,4,77 years 4 months,True,price_outlier_iqr_town_flattype,304042.0,567930.0,above upper (high)
2013-04,WOODLANDS,5 ROOM,511,WOODLANDS DR 14,10 TO 12,128.0,PREMIUM APARTMENT,1999,580000.0,,71,4,71 years 4 months,True,price_outlier_iqr_town_flattype,350000.0,550000.0,above upper (high)
2016-04,TAMPINES,4 ROOM,168C,SIMEI LANE,07 TO 09,94.0,DBSS,2011,580000.0,93.0,83,4,83 years 4 months,True,price_outlier_iqr_town_flattype,331668.0,567220.0,above upper (high)
2016-02,QUEENSTOWN,5 ROOM,21,QUEEN'S CL,01 TO 03,124.0,IMPROVED,1996,580000.0,79.0,68,4,68 years 4 months,True,price_outlier_iqr_town_flattype,674501.0,1009165.0,below lower (low)
2015-04,BUKIT MERAH,3 ROOM,36,MOH GUAN TER,01 TO 03,75.0,STANDARD,1973,580000.0,56.0,45,4,45 years 4 months,True,price_outlier_iqr_town_flattype,228300.0,539500.0,above upper (high)
2015-09,BEDOK,4 ROOM,185,BEDOK NTH RD,16 TO 18,92.0,MODEL A,2005,580000.0,89.0,77,4,77 years 4 months,True,price_outlier_iqr_town_flattype,304042.0,567930.0,above upper (high)
2012-12,SEMBAWANG,5 ROOM,353B,ADMIRALTY DR,13 TO 15,113.0,IMPROVED,2002,580000.0,,74,4,74 years 4 months,True,price_outlier_iqr_town_flattype,325000.0,573000.0,above upper (high)
2015-09,BEDOK,4 ROOM,115,LENGKONG TIGA,01 TO 03,108.0,MODEL A,1989,580000.0,72.0,61,4,61 years 4 months,True,price_outlier_iqr_town_flattype,304042.0,567930.0,above upper (high)
2015-11,BUKIT MERAH,3 ROOM,54,HAVELOCK RD,25 TO 27,69.0,MODEL A,2013,580000.0,96.0,85,4,85 years 4 months,True,price_outlier_iqr_town_flattype,228300.0,539500.0,above upper (high)
2013-11,QUEENSTOWN,3 ROOM,89,TANGLIN HALT RD,40 TO 42,60.0,MODEL A,2008,580000.0,,80,4,80 years 4 months,True,price_outlier_iqr_town_flattype,193937.5,563637.5,above upper (high)
2013-05,TAMPINES,4 ROOM,842B,TAMPINES ST 82,16 TO 18,107.0,MODEL A,1995,580000.0,,67,4,67 years 4 months,True,price_outlier_iqr_town_flattype,331668.0,567220.0,above upper (high)
2016-05,BUKIT MERAH,3 ROOM,127C,KIM TIAN RD,25 TO 27,62.0,MODEL A,2013,580000.0,95.0,85,4,85 years 4 months,True,price_outlier_iqr_town_flattype,228300.0,539500.0,above upper (high)
2016-05,TAMPINES,4 ROOM,168B,SIMEI LANE,04 TO 06,94.0,DBSS,2011,580000.0,93.0,83,4,83 years 4 months,True,price_outlier_iqr_town_flattype,331668.0,567220.0,above upper (high)
2013-11,HOUGANG,4 ROOM,838,HOUGANG CTRL,10 TO 12,100.0,MODEL A,1997,580000.0,,69,4,69 years 4 months,True,price_outlier_iqr_town_flattype,298000.0,538000.0,above upper (high)
2012-05,BEDOK,4 ROOM,182,BEDOK NTH RD,16 TO 20,92.0,MODEL A,2006,580000.0,,78,4,78 years 4 months,True,price_outlier_iqr_town_flattype,304042.0,567930.0,above upper (high)
2012-07,BUKIT MERAH,3 ROOM,43,MOH GUAN TER,01 TO 03,77.0,STANDARD,1973,580000.0,,45,4,45 years 4 months,True,price_outlier_iqr_town_flattype,228300.0,539500.0,above upper (high)
2012-07,BUKIT MERAH,3 ROOM,26,TIONG BAHRU RD,01 TO 03,75.0,STANDARD,1973,580000.0,,45,4,45 years 4 months,True,price_outlier_iqr_town_flattype,228300.0,539500.0,above upper (high)
2016-07,BEDOK,4 ROOM,180,BEDOK NTH RD,10 TO 12,92.0,MODEL A,2006,580000.0,88.0,78,4,78 years 4 months,True,price_outlier_iqr_town_flattype,304042.0,567930.0,above upper (high)
2016-12,BEDOK,4 ROOM,182,BEDOK NTH RD,07 TO 09,92.0,MODEL A,2006,580000.0,88.0,78,4,78 years 4 months,True,price_outlier_iqr_town_flattype,304042.0,567930.0,above upper (high)
2013-06,BUKIT BATOK,4 ROOM,383,BT BATOK WEST AVE 5,22 TO 24,90.0,MODEL A,2005,579000.0,,77,4,77 years 4 months,True,price_outlier_iqr_town_flattype,279275.0,563875.0,above upper (high)
2015-06,QUEENSTOWN,3 ROOM,18B,HOLLAND DR,25 TO 27,67.0,MODEL A,2012,578888.0,96.0,84,4,84 years 4 months,True,price_outlier_iqr_town_flattype,193937.5,563637.5,above upper (high)
2013-01,BEDOK,4 ROOM,181,BEDOK NTH RD,01 TO 03,92.0,MODEL A,2006,578000.0,,78,4,78 years 4 months,True,price_outlier_iqr_town_flattype,304042.0,567930.0,above upper (high)
2014-03,TAMPINES,4 ROOM,515A,TAMPINES CTRL 7,07 TO 09,92.0,DBSS,2008,578000.0,,80,4,80 years 4 months,True,price_outlier_iqr_town_flattype,331668.0,567220.0,above upper (high)
2013-05,CHOA CHU KANG,4 ROOM,640,CHOA CHU KANG ST 64,16 TO 18,100.0,PREMIUM APARTMENT,1998,578000.0,,70,4,70 years 4 months,True,price_outlier_iqr_town_flattype,253000.0,525000.0,above upper (high)
2013-05,WOODLANDS,5 ROOM,302,WOODLANDS ST 31,04 TO 06,132.0,MODEL A,1993,578000.0,,65,4,65 years 4 months,True,price_outlier_iqr_town_flattype,350000.0,550000.0,above upper (high)
2012-03,BEDOK,4 ROOM,116,LENGKONG TIGA,06 TO 10,104.0,MODEL A,1989,577800.0,,61,4,61 years 4 months,True,price_outlier_iqr_town_flattype,304042.0,567930.0,above upper (high)
2013-03,SEMBAWANG,5 ROOM,353C,ADMIRALTY DR,10 TO 12,110.0,IMPROVED,2002,576000.0,,74,4,74 years 4 months,True,price_outlier_iqr_town_flattype,325000.0,573000.0,above upper (high)
2013-04,HOUGANG,4 ROOM,835,HOUGANG CTRL,07 TO 09,104.0,MODEL A,1992,575000.0,,64,4,64 years 4 months,True,price_outlier_iqr_town_flattype,298000.0,538000.0,above upper (high)
2014-11,BEDOK,4 ROOM,185,BEDOK NTH RD,07 TO 09,92.0,MODEL A,2005,575000.0,,77,4,77 years 4 months,True,price_outlier_iqr_town_flattype,304042.0,567930.0,above upper (high)
2013-08,BUKIT MERAH,3 ROOM,26A,JLN MEMBINA,22 TO 24,60.0,MODEL A,2008,575000.0,,80,4,80 years 4 months,True,price_outlier_iqr_town_flattype,228300.0,539500.0,above upper (high)
2013-12,BEDOK,4 ROOM,182,BEDOK NTH RD,13 TO 15,92.0,MODEL A,2006,575000.0,,78,4,78 years 4 months,True,price_outlier_iqr_town_flattype,304042.0,567930.0,above upper (high)
2015-11,BEDOK,4 ROOM,185,BEDOK NTH RD,13 TO 15,85.0,MODEL A,2005,575000.0,89.0,77,4,77 years 4 months,True,price_outlier_iqr_town_flattype,304042.0,567930.0,above upper (high)
2012-01,BUKIT MERAH,3 ROOM,24,TIONG BAHRU RD,01 TO 03,88.0,STANDARD,1973,575000.0,,45,4,45 years 4 months,True,price_outlier_iqr_town_flattype,228300.0,539500.0,above upper (high)
2013-10,BEDOK,4 ROOM,180,BEDOK NTH RD,04 TO 06,85.0,MODEL A,2006,575000.0,,78,4,78 years 4 months,True,price_outlier_iqr_town_flattype,304042.0,567930.0,above upper (high)
2016-05,BEDOK,4 ROOM,183,BEDOK NTH RD,07 TO 09,92.0,MODEL A,2005,575000.0,88.0,77,4,77 years 4 months,True,price_outlier_iqr_town_flattype,304042.0,567930.0,above upper (high)
2016-03,BEDOK,4 ROOM,180,BEDOK NTH RD,04 TO 06,92.0,MODEL A,2006,575000.0,88.0,78,4,78 years 4 months,True,price_outlier_iqr_town_flattype,304042.0,567930.0,above upper (high)
2015-04,BEDOK,4 ROOM,219B,BEDOK CTRL,01 TO 03,94.0,MODEL A,2010,575000.0,94.0,82,4,82 years 4 months,True,price_outlier_iqr_town_flattype,304042.0,567930.0,above upper (high)
2013-02,BEDOK,4 ROOM,183,BEDOK NTH RD,07 TO 09,92.0,MODEL A,2005,575000.0,,77,4,77 years 4 months,True,price_outlier_iqr_town_flattype,304042.0,567930.0,above upper (high)
2016-05,BUKIT MERAH,3 ROOM,127C,KIM TIAN RD,40 TO 42,62.0,MODEL A,2013,575000.0,95.0,85,4,85 years 4 months,True,price_outlier_iqr_town_flattype,228300.0,539500.0,above upper (high)
2012-12,CHOA CHU KANG,4 ROOM,636,CHOA CHU KANG NTH 6,10 TO 12,113.0,PREMIUM APARTMENT,1998,575000.0,,70,4,70 years 4 months,True,price_outlier_iqr_town_flattype,253000.0,525000.0,above upper (high)
2012-04,BEDOK,4 ROOM,115,LENGKONG TIGA,01 TO 05,104.0,MODEL A,1989,575000.0,,61,4,61 years 4 months,True,price_outlier_iqr_town_flattype,304042.0,567930.0,above upper (high)
2013-01,CHOA CHU KANG,4 ROOM,641,CHOA CHU KANG ST 64,13 TO 15,100.0,PREMIUM APARTMENT,1998,574000.0,,70,4,70 years 4 months,True,price_outlier_iqr_town_flattype,253000.0,525000.0,above upper (high)
2012-11,TAMPINES,4 ROOM,255,SIMEI ST 1,07 TO 09,99.0,MODEL A,1996,573000.0,,68,4,68 years 4 months,True,price_outlier_iqr_town_flattype,331668.0,567220.0,above upper (high)
2016-12,BUKIT MERAH,3 ROOM,127C,KIM TIAN RD,37 TO 39,62.0,MODEL A,2013,573000.0,95.0,85,4,85 years 4 months,True,price_outlier_iqr_town_flattype,228300.0,539500.0,above upper (high)
2012-04,BUKIT MERAH,3 ROOM,29,LIM LIAK ST,01 TO 05,88.0,STANDARD,1973,573000.0,,45,4,45 years 4 months,True,price_outlier_iqr_town_flattype,228300.0,539500.0,above upper (high)
2013-10,HOUGANG,4 ROOM,830,HOUGANG CTRL,13 TO 15,111.0,MODEL A,1992,573000.0,,64,4,64 years 4 months,True,price_outlier_iqr_town_flattype,298000.0,538000.0,above upper (high)
2013-03,BEDOK,4 ROOM,115,LENGKONG TIGA,01 TO 03,104.0,MODEL A,1989,573000.0,,61,4,61 years 4 months,True,price_outlier_iqr_town_flattype,304042.0,567930.0,above upper (high)
2013-07,BUKIT MERAH,3 ROOM,26A,JLN MEMBINA,25 TO 27,60.0,MODEL A,2008,572000.0,,80,4,80 years 4 months,True,price_outlier_iqr_town_flattype,228300.0,539500.0,above upper (high)
2013-08,BEDOK,4 ROOM,183,BEDOK NTH RD,04 TO 06,92.0,MODEL A,2005,571000.0,,77,4,77 years 4 months,True,price_outlier_iqr_town_flattype,304042.0,567930.0,above upper (high)
2012-10,JURONG WEST,4 ROOM,517A,JURONG WEST ST 52,04 TO 06,95.0,MODEL A,2000,570000.0,,72,4,72 years 4 months,True,price_outlier_iqr_town_flattype,292500.0,520500.0,above upper (high)
2014-04,QUEENSTOWN,3 ROOM,18A,HOLLAND DR,37 TO 39,67.0,MODEL A,2012,570000.0,,84,4,84 years 4 months,True,price_outlier_iqr_town_flattype,193937.5,563637.5,above upper (high)
2016-12,QUEENSTOWN,3 ROOM,18A,HOLLAND DR,16 TO 18,67.0,MODEL A,2012,570000.0,94.0,84,4,84 years 4 months,True,price_outlier_iqr_town_flattype,193937.5,563637.5,above upper (high)
2015-08,BEDOK,4 ROOM,182,BEDOK NTH RD,13 TO 15,92.0,MODEL A,2006,570000.0,89.0,78,4,78 years 4 months,True,price_outlier_iqr_town_flattype,304042.0,567930.0,above upper (high)
2016-12,BUKIT PANJANG,4 ROOM,185,JELEBU RD,28 TO 30,91.0,PREMIUM APARTMENT,2003,570000.0,85.0,75,4,75 years 4 months,True,price_outlier_iqr_town_flattype,245500.0,537500.0,above upper (high)
2014-05,BUKIT MERAH,3 ROOM,43,MOH GUAN TER,01 TO 03,77.0,STANDARD,1973,570000.0,,45,4,45 years 4 months,True,price_outlier_iqr_town_flattype,228300.0,539500.0,above upper (high)
2012-05,HOUGANG,4 ROOM,220,HOUGANG ST 21,11 TO 15,104.0,MODEL A,1992,570000.0,,64,4,64 years 4 months,True,price_outlier_iqr_town_flattype,298000.0,538000.0,above upper (high)
2015-11,QUEENSTOWN,3 ROOM,61B,STRATHMORE AVE,07 TO 09,70.0,MODEL A,2011,570000.0,94.0,83,4,83 years 4 months,True,price_outlier_iqr_town_flattype,193937.5,563637.5,above upper (high)
2016-09,BUKIT MERAH,3 ROOM,52,HAVELOCK RD,34 TO 36,69.0,MODEL A,2013,570000.0,95.0,85,4,85 years 4 months,True,price_outlier_iqr_town_flattype,228300.0,539500.0,above upper (high)
2014-05,BEDOK,4 ROOM,180,BEDOK NTH RD,13 TO 15,92.0,MODEL A,2006,570000.0,,78,4,78 years 4 months,True,price_outlier_iqr_town_flattype,304042.0,567930.0,above upper (high)
2014-08,TAMPINES,4 ROOM,518A,TAMPINES CTRL 7,04 TO 06,92.0,DBSS,2008,570000.0,,80,4,80 years 4 months,True,price_outlier_iqr_town_flattype,331668.0,567220.0,above upper (high)
2016-04,TAMPINES,4 ROOM,167B,SIMEI LANE,07 TO 09,94.0,DBSS,2011,570000.0,93.0,83,4,83 years 4 months,True,price_outlier_iqr_town_flattype,331668.0,567220.0,above upper (high)
2013-02,WOODLANDS,5 ROOM,680,WOODLANDS AVE 6,13 TO 15,121.0,IMPROVED,1998,570000.0,,70,4,70 years 4 months,True,price_outlier_iqr_town_flattype,350000.0,550000.0,above upper (high)
2015-10,BUKIT MERAH,3 ROOM,58,HAVELOCK RD,19 TO 21,69.0,MODEL A,2013,570000.0,96.0,85,4,85 years 4 months,True,price_outlier_iqr_town_flattype,228300.0,539500.0,above upper (high)
2016-08,BUKIT MERAH,3 ROOM,46,SENG POH RD,04 TO 06,88.0,STANDARD,1973,570000.0,55.0,45,4,45 years 4 months,True,price_outlier_iqr_town_flattype,228300.0,539500.0,above upper (high)
2016-09,ANG MO KIO,3 ROOM,310C,ANG MO KIO AVE 1,28 TO 30,70.0,MODEL A,2012,570000.0,95.0,84,4,84 years 4 months,True,price_outlier_iqr_town_flattype,242500.0,446500.0,above upper (high)
2012-11,TAMPINES,4 ROOM,116,SIMEI ST 1,07 TO 09,104.0,MODEL A,1988,570000.0,,60,4,60 years 4 months,True,price_outlier_iqr_town_flattype,331668.0,567220.0,above upper (high)
2012-10,BEDOK,4 ROOM,182,BEDOK NTH RD,04 TO 06,85.0,MODEL A,2006,570000.0,,78,4,78 years 4 months,True,price_outlier_iqr_town_flattype,304042.0,567930.0,above upper (high)
2016-12,CLEMENTI,3 ROOM,423,CLEMENTI AVE 1,22 TO 24,70.0,MODEL A,2013,570000.0,95.0,85,4,85 years 4 months,True,price_outlier_iqr_town_flattype,227000.0,491000.0,above upper (high)
2014-11,BUKIT MERAH,3 ROOM,38,KIM PONG RD,01 TO 03,75.0,STANDARD,1974,570000.0,,46,4,46 years 4 months,True,price_outlier_iqr_town_flattype,228300.0,539500.0,above upper (high)
2013-09,BEDOK,4 ROOM,774,BEDOK RESERVOIR VIEW,19 TO 21,107.0,PREMIUM APARTMENT,2000,570000.0,,72,4,72 years 4 months,True,price_outlier_iqr_town_flattype,304042.0,567930.0,above upper (high)
2013-09,BUKIT MERAH,3 ROOM,26A,JLN MEMBINA,22 TO 24,60.0,MODEL A,2008,570000.0,,80,4,80 years 4 months,True,price_outlier_iqr_town_flattype,228300.0,539500.0,above upper (high)
2012-08,BUKIT BATOK,4 ROOM,107,BT BATOK WEST AVE 6,07 TO 09,128.0,MODEL A,1985,570000.0,,57,4,57 years 4 months,True,price_outlier_iqr_town_flattype,279275.0,563875.0,above upper (high)
2014-01,HOUGANG,4 ROOM,220,HOUGANG ST 21,13 TO 15,104.0,MODEL A,1992,569000.0,,64,4,64 years 4 months,True,price_outlier_iqr_town_flattype,298000.0,538000.0,above upper (high)
2012-12,BUKIT BATOK,4 ROOM,383,BT BATOK WEST AVE 5,25 TO 27,90.0,MODEL A,2005,568888.0,,77,4,77 years 4 months,True,price_outlier_iqr_town_flattype,279275.0,563875.0,above upper (high)
2016-06,KALLANG/WHAMPOA,3 ROOM,7,BOON KENG RD,04 TO 06,69.0,DBSS,2011,568000.0,93.0,83,4,83 years 4 months,True,price_outlier_iqr_town_flattype,206063.5,498227.5,above upper (high)
2014-09,BEDOK,4 ROOM,182,BEDOK NTH RD,19 TO 21,85.0,MODEL A,2006,568000.0,,78,4,78 years 4 months,True,price_outlier_iqr_town_flattype,304042.0,567930.0,above upper (high)
2014-05,BEDOK,4 ROOM,180,BEDOK NTH RD,19 TO 21,92.0,MODEL A,2006,568000.0,,78,4,78 years 4 months,True,price_outlier_iqr_town_flattype,304042.0,567930.0,above upper (high)
2015-05,KALLANG/WHAMPOA,3 ROOM,5A,UPP BOON KENG RD,25 TO 27,67.0,MODEL A,2012,568000.0,96.0,84,4,84 years 4 months,True,price_outlier_iqr_town_flattype,206063.5,498227.5,above upper (high)
2015-03,BEDOK,4 ROOM,180,BEDOK NTH RD,19 TO 21,85.0,MODEL A,2006,568000.0,89.0,78,4,78 years 4 months,True,price_outlier_iqr_town_flattype,304042.0,567930.0,above upper (high)
2016-08,BUKIT PANJANG,4 ROOM,184,JELEBU RD,28 TO 30,91.0,PREMIUM APARTMENT,2003,565000.0,85.0,75,4,75 years 4 months,True,price_outlier_iqr_town_flattype,245500.0,537500.0,above upper (high)
2016-06,BUKIT MERAH,3 ROOM,127A,KIM TIAN RD,37 TO 39,62.0,MODEL A,2013,565000.0,95.0,85,4,85 years 4 months,True,price_outlier_iqr_town_flattype,228300.0,539500.0,above upper (high)
2015-09,JURONG EAST,4 ROOM,288D,JURONG EAST ST 21,22 TO 24,100.0,MODEL A,2000,565000.0,83.0,72,4,72 years 4 months,True,price_outlier_iqr_town_flattype,292500.0,560500.0,above upper (high)
2016-06,BUKIT BATOK,4 ROOM,622,BT BATOK CTRL,07 TO 09,90.0,MODEL A,2003,565000.0,86.0,75,4,75 years 4 months,True,price_outlier_iqr_town_flattype,279275.0,563875.0,above upper (high)
2015-11,BUKIT BATOK,4 ROOM,621,BT BATOK CTRL,10 TO 12,90.0,MODEL A,2003,565000.0,87.0,75,4,75 years 4 months,True,price_outlier_iqr_town_flattype,279275.0,563875.0,above upper (high)
2015-12,QUEENSTOWN,3 ROOM,18A,HOLLAND DR,25 TO 27,67.0,MODEL A,2012,565000.0,95.0,84,4,84 years 4 months,True,price_outlier_iqr_town_flattype,193937.5,563637.5,above upper (high)
2012-04,KALLANG/WHAMPOA,3 ROOM,12,FARRER PK RD,26 TO 30,62.0,MODEL A,2004,565000.0,,76,4,76 years 4 months,True,price_outlier_iqr_town_flattype,206063.5,498227.5,above upper (high)
2016-10,BUKIT PANJANG,4 ROOM,181,JELEBU RD,28 TO 30,93.0,PREMIUM APARTMENT,2003,565000.0,85.0,75,4,75 years 4 months,True,price_outlier_iqr_town_flattype,245500.0,537500.0,above upper (high)
2013-11,BUKIT PANJANG,4 ROOM,182,JELEBU RD,19 TO 21,94.0,PREMIUM APARTMENT,2003,565000.0,,75,4,75 years 4 months,True,price_outlier_iqr_town_flattype,245500.0,537500.0,above upper (high)
2013-01,BUKIT PANJANG,4 ROOM,182,JELEBU RD,28 TO 30,91.0,PREMIUM APARTMENT,2003,565000.0,,75,4,75 years 4 months,True,price_outlier_iqr_town_flattype,245500.0,537500.0,above upper (high)
2013-10,JURONG WEST,4 ROOM,517D,JURONG WEST ST 52,13 TO 15,95.0,MODEL A,2000,565000.0,,72,4,72 years 4 months,True,price_outlier_iqr_town_flattype,292500.0,520500.0,above upper (high)
2012-10,BUKIT PANJANG,4 ROOM,182,JELEBU RD,13 TO 15,94.0,PREMIUM APARTMENT,2003,563800.0,,75,4,75 years 4 months,True,price_outlier_iqr_town_flattype,245500.0,537500.0,above upper (high)
2013-04,BUKIT PANJANG,4 ROOM,603,SENJA RD,13 TO 15,99.0,MODEL A,1999,563500.0,,71,4,71 years 4 months,True,price_outlier_iqr_town_flattype,245500.0,537500.0,above upper (high)
2012-10,WOODLANDS,5 ROOM,365,WOODLANDS AVE 5,07 TO 09,126.0,IMPROVED,1996,563000.0,,68,4,68 years 4 months,True,price_outlier_iqr_town_flattype,350000.0,550000.0,above upper (high)
2013-04,HOUGANG,4 ROOM,831,HOUGANG CTRL,04 TO 06,104.0,MODEL A,1992,562000.0,,64,4,64 years 4 months,True,price_outlier_iqr_town_flattype,298000.0,538000.0,above upper (high)
2014-07,JURONG EAST,4 ROOM,288A,JURONG EAST ST 21,22 TO 24,102.0,MODEL A,2000,562000.0,,72,4,72 years 4 months,True,price_outlier_iqr_town_flattype,292500.0,560500.0,above upper (high)
2013-03,CHOA CHU KANG,4 ROOM,631,CHOA CHU KANG NTH 6,04 TO 06,113.0,PREMIUM APARTMENT,1998,560000.0,,70,4,70 years 4 months,True,price_outlier_iqr_town_flattype,253000.0,525000.0,above upper (high)
2013-09,WOODLANDS,5 ROOM,368,WOODLANDS AVE 1,07 TO 09,123.0,IMPROVED,1997,560000.0,,69,4,69 years 4 months,True,price_outlier_iqr_town_flattype,350000.0,550000.0,above upper (high)
2016-08,CLEMENTI,3 ROOM,424,CLEMENTI AVE 1,10 TO 12,75.0,MODEL A,2013,560000.0,96.0,85,4,85 years 4 months,True,price_outlier_iqr_town_flattype,227000.0,491000.0,above upper (high)
2016-07,KALLANG/WHAMPOA,3 ROOM,9,BOON KENG RD,01 TO 03,70.0,DBSS,2011,560000.0,93.0,83,4,83 years 4 months,True,price_outlier_iqr_town_flattype,206063.5,498227.5,above upper (high)
2013-06,BUKIT PANJANG,4 ROOM,183,JELEBU RD,10 TO 12,91.0,PREMIUM APARTMENT,2003,560000.0,,75,4,75 years 4 months,True,price_outlier_iqr_town_flattype,245500.0,537500.0,above upper (high)
2015-12,BUKIT PANJANG,4 ROOM,184,JELEBU RD,19 TO 21,91.0,PREMIUM APARTMENT,2003,560000.0,86.0,75,4,75 years 4 months,True,price_outlier_iqr_town_flattype,245500.0,537500.0,above upper (high)
2016-11,BUKIT MERAH,3 ROOM,52,HAVELOCK RD,16 TO 18,69.0,MODEL A,2013,560000.0,95.0,85,4,85 years 4 months,True,price_outlier_iqr_town_flattype,228300.0,539500.0,above upper (high)
2013-07,HOUGANG,4 ROOM,837,HOUGANG CTRL,07 TO 09,100.0,MODEL A,1997,560000.0,,69,4,69 years 4 months,True,price_outlier_iqr_town_flattype,298000.0,538000.0,above upper (high)
2016-04,KALLANG/WHAMPOA,3 ROOM,12,KG ARANG RD,10 TO 12,103.0,NEW GENERATION,1982,560000.0,65.0,54,4,54 years 4 months,True,price_outlier_iqr_town_flattype,206063.5,498227.5,above upper (high)
2014-04,BUKIT PANJANG,4 ROOM,182,JELEBU RD,25 TO 27,90.0,PREMIUM APARTMENT,2003,560000.0,,75,4,75 years 4 months,True,price_outlier_iqr_town_flattype,245500.0,537500.0,above upper (high)
2014-08,JURONG WEST,4 ROOM,517E,JURONG WEST ST 52,04 TO 06,95.0,MODEL A,2000,560000.0,,72,4,72 years 4 months,True,price_outlier_iqr_town_flattype,292500.0,520500.0,above upper (high)
2015-12,BUKIT MERAH,3 ROOM,26B,JLN MEMBINA,28 TO 30,60.0,MODEL A,2009,558500.0,92.0,81,4,81 years 4 months,True,price_outlier_iqr_town_flattype,228300.0,539500.0,above upper (high)
2012-12,CHOA CHU KANG,4 ROOM,640,CHOA CHU KANG ST 64,07 TO 09,100.0,PREMIUM APARTMENT,1998,558000.0,,70,4,70 years 4 months,True,price_outlier_iqr_town_flattype,253000.0,525000.0,above upper (high)
2015-08,BUKIT MERAH,3 ROOM,58,HAVELOCK RD,19 TO 21,69.0,MODEL A,2013,558000.0,96.0,85,4,85 years 4 months,True,price_outlier_iqr_town_flattype,228300.0,539500.0,above upper (high)
2013-04,CHOA CHU KANG,4 ROOM,637,CHOA CHU KANG NTH 6,07 TO 09,113.0,PREMIUM APARTMENT,1998,555500.0,,70,4,70 years 4 months,True,price_outlier_iqr_town_flattype,253000.0,525000.0,above upper (high)
2012-09,MARINE PARADE,3 ROOM,64,MARINE DR,10 TO 12,79.0,IMPROVED,1976,555000.0,,48,4,48 years 4 months,True,price_outlier_iqr_town_flattype,300500.0,536500.0,above upper (high)
2013-04,WOODLANDS,5 ROOM,351,WOODLANDS AVE 1,07 TO 09,124.0,IMPROVED,1996,555000.0,,68,4,68 years 4 months,True,price_outlier_iqr_town_flattype,350000.0,550000.0,above upper (high)
2012-03,BUKIT MERAH,3 ROOM,44,MOH GUAN TER,01 TO 05,77.0,STANDARD,1973,555000.0,,45,4,45 years 4 months,True,price_outlier_iqr_town_flattype,228300.0,539500.0,above upper (high)
2015-06,HOUGANG,4 ROOM,838,HOUGANG CTRL,13 TO 15,98.0,MODEL A,1997,553888.0,80.0,69,4,69 years 4 months,True,price_outlier_iqr_town_flattype,298000.0,538000.0,above upper (high)
2012-10,WOODLANDS,5 ROOM,513,WOODLANDS DR 14,10 TO 12,128.0,PREMIUM APARTMENT,1999,553000.0,,71,4,71 years 4 months,True,price_outlier_iqr_town_flattype,350000.0,550000.0,above upper (high)
2016-08,JURONG WEST,4 ROOM,517D,JURONG WEST ST 52,13 TO 15,95.0,MODEL A,2000,553000.0,82.0,72,4,72 years 4 months,True,price_outlier_iqr_town_flattype,292500.0,520500.0,above upper (high)
2012-07,WOODLANDS,5 ROOM,363,WOODLANDS AVE 5,07 TO 09,120.0,IMPROVED,1996,552000.0,,68,4,68 years 4 months,True,price_outlier_iqr_town_flattype,350000.0,550000.0,above upper (high)
2014-10,JURONG WEST,4 ROOM,517C,JURONG WEST ST 52,16 TO 18,95.0,MODEL A,2000,552000.0,,72,4,72 years 4 months,True,price_outlier_iqr_town_flattype,292500.0,520500.0,above upper (high)
2016-10,HOUGANG,4 ROOM,220,HOUGANG ST 21,10 TO 12,105.0,MODEL A,1992,552000.0,75.0,64,4,64 years 4 months,True,price_outlier_iqr_town_flattype,298000.0,538000.0,above upper (high)
2016-01,JURONG WEST,4 ROOM,517C,JURONG WEST ST 52,10 TO 12,95.0,MODEL A,2000,552000.0,83.0,72,4,72 years 4 months,True,price_outlier_iqr_town_flattype,292500.0,520500.0,above upper (high)
2013-02,WOODLANDS,5 ROOM,370,WOODLANDS AVE 1,07 TO 09,123.0,IMPROVED,1996,551000.0,,68,4,68 years 4 months,True,price_outlier_iqr_town_flattype,350000.0,550000.0,above upper (high)
2012-07,CHOA CHU KANG,4 ROOM,634,CHOA CHU KANG NTH 6,10 TO 12,113.0,PREMIUM APARTMENT,1998,550000.0,,70,4,70 years 4 months,True,price_outlier_iqr_town_flattype,253000.0,525000.0,above upper (high)
2012-11,HOUGANG,4 ROOM,461,HOUGANG AVE 10,04 TO 06,105.0,MODEL A,1992,550000.0,,64,4,64 years 4 months,True,price_outlier_iqr_town_flattype,298000.0,538000.0,above upper (high)
2014-11,BUKIT MERAH,3 ROOM,26C,JLN MEMBINA,25 TO 27,60.0,MODEL A,2009,550000.0,,81,4,81 years 4 months,True,price_outlier_iqr_town_flattype,228300.0,539500.0,above upper (high)
2013-07,CHOA CHU KANG,4 ROOM,635,CHOA CHU KANG NTH 6,07 TO 09,113.0,PREMIUM APARTMENT,1998,550000.0,,70,4,70 years 4 months,True,price_outlier_iqr_town_flattype,253000.0,525000.0,above upper (high)
2016-06,KALLANG/WHAMPOA,3 ROOM,8,BOON KENG RD,01 TO 03,70.0,DBSS,2011,550000.0,93.0,83,4,83 years 4 months,True,price_outlier_iqr_town_flattype,206063.5,498227.5,above upper (high)
2016-06,BUKIT MERAH,3 ROOM,52,HAVELOCK RD,16 TO 18,69.0,MODEL A,2013,550000.0,95.0,85,4,85 years 4 months,True,price_outlier_iqr_town_flattype,228300.0,539500.0,above upper (high)
2016-11,BUKIT MERAH,3 ROOM,52,HAVELOCK RD,10 TO 12,69.0,MODEL A,2013,550000.0,95.0,85,4,85 years 4 months,True,price_outlier_iqr_town_flattype,228300.0,539500.0,above upper (high)
2013-06,HOUGANG,4 ROOM,462,HOUGANG AVE 10,10 TO 12,105.0,MODEL A,1992,550000.0,,64,4,64 years 4 months,True,price_outlier_iqr_town_flattype,298000.0,538000.0,above upper (high)
2013-03,CHOA CHU KANG,4 ROOM,642,CHOA CHU KANG ST 64,07 TO 09,100.0,PREMIUM APARTMENT,1998,550000.0,,70,4,70 years 4 months,True,price_outlier_iqr_town_flattype,253000.0,525000.0,above upper (high)
2015-04,JURONG WEST,4 ROOM,517E,JURONG WEST ST 52,04 TO 06,95.0,MODEL A,2000,550000.0,84.0,72,4,72 years 4 months,True,price_outlier_iqr_town_flattype,292500.0,520500.0,above upper (high)
2013-10,BUKIT MERAH,3 ROOM,26C,JLN MEMBINA,22 TO 24,60.0,MODEL A,2009,550000.0,,81,4,81 years 4 months,True,price_outlier_iqr_town_flattype,228300.0,539500.0,above upper (high)
2014-06,JURONG WEST,4 ROOM,517C,JURONG WEST ST 52,10 TO 12,95.0,MODEL A,2000,550000.0,,72,4,72 years 4 months,True,price_outlier_iqr_town_flattype,292500.0,520500.0,above upper (high)
2013-01,CHOA CHU KANG,4 ROOM,639,CHOA CHU KANG ST 64,10 TO 12,100.0,PREMIUM APARTMENT,1998,550000.0,,70,4,70 years 4 months,True,price_outlier_iqr_town_flattype,253000.0,525000.0,above upper (high)
2013-09,BUKIT PANJANG,4 ROOM,626,SENJA RD,28 TO 30,93.0,PREMIUM APARTMENT,2005,548000.0,,77,4,77 years 4 months,True,price_outlier_iqr_town_flattype,245500.0,537500.0,above upper (high)
2012-12,MARINE PARADE,3 ROOM,67,MARINE DR,16 TO 18,76.0,IMPROVED,1976,547500.0,,48,4,48 years 4 months,True,price_outlier_iqr_town_flattype,300500.0,536500.0,above upper (high)
2013-09,BUKIT PANJANG,4 ROOM,170,GANGSA RD,19 TO 21,101.0,MODEL A,1997,547000.0,,69,4,69 years 4 months,True,price_outlier_iqr_town_flattype,245500.0,537500.0,above upper (high)
2015-05,BUKIT MERAH,3 ROOM,58,HAVELOCK RD,37 TO 39,69.0,MODEL A,2013,547000.0,97.0,85,4,85 years 4 months,True,price_outlier_iqr_town_flattype,228300.0,539500.0,above upper (high)
2012-08,HOUGANG,4 ROOM,832,HOUGANG CTRL,04 TO 06,110.0,MODEL A,1992,546000.0,,64,4,64 years 4 months,True,price_outlier_iqr_town_flattype,298000.0,538000.0,above upper (high)
2015-12,HOUGANG,4 ROOM,220,HOUGANG ST 21,10 TO 12,104.0,MODEL A,1992,545000.0,75.0,64,4,64 years 4 months,True,price_outlier_iqr_town_flattype,298000.0,538000.0,above upper (high)
2013-05,JURONG WEST,4 ROOM,514,JURONG WEST ST 52,10 TO 12,108.0,MODEL A,1984,545000.0,,56,4,56 years 4 months,True,price_outlier_iqr_town_flattype,292500.0,520500.0,above upper (high)
2013-09,BUKIT PANJANG,4 ROOM,172,GANGSA RD,19 TO 21,101.0,MODEL A,1997,545000.0,,69,4,69 years 4 months,True,price_outlier_iqr_town_flattype,245500.0,537500.0,above upper (high)
2012-01,HOUGANG,4 ROOM,220,HOUGANG ST 21,07 TO 09,107.0,MODEL A,1992,545000.0,,64,4,64 years 4 months,True,price_outlier_iqr_town_flattype,298000.0,538000.0,above upper (high)
2012-12,BUKIT PANJANG,4 ROOM,176,LOMPANG RD,19 TO 21,101.0,MODEL A,1997,545000.0,,69,4,69 years 4 months,True,price_outlier_iqr_town_flattype,245500.0,537500.0,above upper (high)
2016-04,BUKIT MERAH,3 ROOM,13,CANTONMENT CL,28 TO 30,60.0,MODEL A,2003,545000.0,85.0,75,4,75 years 4 months,True,price_outlier_iqr_town_flattype,228300.0,539500.0,above upper (high)
2016-08,JURONG WEST,4 ROOM,517D,JURONG WEST ST 52,07 TO 09,95.0,MODEL A,2000,545000.0,82.0,72,4,72 years 4 months,True,price_outlier_iqr_town_flattype,292500.0,520500.0,above upper (high)
2013-04,BUKIT MERAH,3 ROOM,26D,JLN MEMBINA,10 TO 12,60.0,MODEL A,2009,545000.0,,81,4,81 years 4 months,True,price_outlier_iqr_town_flattype,228300.0,539500.0,above upper (high)
2013-04,BUKIT MERAH,3 ROOM,26A,JLN MEMBINA,19 TO 21,60.0,MODEL A,2008,545000.0,,80,4,80 years 4 months,True,price_outlier_iqr_town_flattype,228300.0,539500.0,above upper (high)
2016-11,BUKIT MERAH,3 ROOM,127A,KIM TIAN RD,16 TO 18,62.0,MODEL A,2013,545000.0,95.0,85,4,85 years 4 months,True,price_outlier_iqr_town_flattype,228300.0,539500.0,above upper (high)
2013-10,BUKIT PANJANG,4 ROOM,174,LOMPANG RD,10 TO 12,101.0,MODEL A,1997,544000.0,,69,4,69 years 4 months,True,price_outlier_iqr_town_flattype,245500.0,537500.0,above upper (high)
2012-09,CHOA CHU KANG,4 ROOM,637,CHOA CHU KANG NTH 6,07 TO 09,113.0,PREMIUM APARTMENT,1998,544000.0,,70,4,70 years 4 months,True,price_outlier_iqr_town_flattype,253000.0,525000.0,above upper (high)
2012-06,BUKIT PANJANG,4 ROOM,182,JELEBU RD,28 TO 30,90.0,PREMIUM APARTMENT,2003,543000.0,,75,4,75 years 4 months,True,price_outlier_iqr_town_flattype,245500.0,537500.0,above upper (high)
2014-06,BUKIT PANJANG,4 ROOM,185,JELEBU RD,13 TO 15,91.0,PREMIUM APARTMENT,2003,543000.0,,75,4,75 years 4 months,True,price_outlier_iqr_town_flattype,245500.0,537500.0,above upper (high)
2012-12,JURONG WEST,4 ROOM,513,JURONG WEST ST 52,10 TO 12,104.0,MODEL A,1984,542000.0,,56,4,56 years 4 months,True,price_outlier_iqr_town_flattype,292500.0,520500.0,above upper (high)
2014-04,BUKIT PANJANG,4 ROOM,603,SENJA RD,10 TO 12,99.0,MODEL A,1999,542000.0,,71,4,71 years 4 months,True,price_outlier_iqr_town_flattype,245500.0,537500.0,above upper (high)
2012-08,BUKIT PANJANG,4 ROOM,175,LOMPANG RD,25 TO 27,104.0,MODEL A,1997,541000.0,,69,4,69 years 4 months,True,price_outlier_iqr_town_flattype,245500.0,537500.0,above upper (high)
2013-03,BUKIT MERAH,3 ROOM,26A,JLN MEMBINA,13 TO 15,60.0,MODEL A,2008,540000.0,,80,4,80 years 4 months,True,price_outlier_iqr_town_flattype,228300.0,539500.0,above upper (high)
2014-06,BUKIT MERAH,3 ROOM,26C,JLN MEMBINA,22 TO 24,60.0,MODEL A,2009,540000.0,,81,4,81 years 4 months,True,price_outlier_iqr_town_flattype,228300.0,539500.0,above upper (high)
2013-11,BUKIT MERAH,3 ROOM,26D,JLN MEMBINA,13 TO 15,60.0,MODEL A,2009,540000.0,,81,4,81 years 4 months,True,price_outlier_iqr_town_flattype,228300.0,539500.0,above upper (high)
2016-08,JURONG WEST,4 ROOM,517C,JURONG WEST ST 52,13 TO 15,95.0,MODEL A,2000,540000.0,82.0,72,4,72 years 4 months,True,price_outlier_iqr_town_flattype,292500.0,520500.0,above upper (high)
2013-04,HOUGANG,4 ROOM,837,HOUGANG CTRL,04 TO 06,100.0,MODEL A,1997,540000.0,,69,4,69 years 4 months,True,price_outlier_iqr_town_flattype,298000.0,538000.0,above upper (high)
2012-08,BUKIT PANJANG,4 ROOM,605,SENJA RD,25 TO 27,99.0,MODEL A,1999,540000.0,,71,4,71 years 4 months,True,price_outlier_iqr_town_flattype,245500.0,537500.0,above upper (high)
2012-08,BUKIT PANJANG,4 ROOM,175,LOMPANG RD,25 TO 27,101.0,MODEL A,1997,540000.0,,69,4,69 years 4 months,True,price_outlier_iqr_town_flattype,245500.0,537500.0,above upper (high)
2014-07,HOUGANG,4 ROOM,433,HOUGANG AVE 8,13 TO 15,113.0,MODEL A,1989,540000.0,,61,4,61 years 4 months,True,price_outlier_iqr_town_flattype,298000.0,538000.0,above upper (high)
2015-01,BUKIT MERAH,3 ROOM,26C,JLN MEMBINA,22 TO 24,60.0,MODEL A,2009,540000.0,93.0,81,4,81 years 4 months,True,price_outlier_iqr_town_flattype,228300.0,539500.0,above upper (high)
2016-03,BUKIT PANJANG,4 ROOM,182,JELEBU RD,22 TO 24,91.0,PREMIUM APARTMENT,2003,540000.0,86.0,75,4,75 years 4 months,True,price_outlier_iqr_town_flattype,245500.0,537500.0,above upper (high)
2012-01,HOUGANG,4 ROOM,835,HOUGANG CTRL,07 TO 09,110.0,MODEL A,1992,540000.0,,64,4,64 years 4 months,True,price_outlier_iqr_town_flattype,298000.0,538000.0,above upper (high)
2013-04,PASIR RIS,4 ROOM,573,PASIR RIS ST 53,10 TO 12,110.0,MODEL A,1995,540000.0,,67,4,67 years 4 months,True,price_outlier_iqr_town_flattype,337500.0,517500.0,above upper (high)
2015-09,HOUGANG,4 ROOM,835,HOUGANG CTRL,16 TO 18,104.0,MODEL A,1992,538888.0,76.0,64,4,64 years 4 months,True,price_outlier_iqr_town_flattype,298000.0,538000.0,above upper (high)
2013-08,CHOA CHU KANG,4 ROOM,640,CHOA CHU KANG ST 64,07 TO 09,100.0,PREMIUM APARTMENT,1998,538888.0,,70,4,70 years 4 months,True,price_outlier_iqr_town_flattype,253000.0,525000.0,above upper (high)
2013-12,KALLANG/WHAMPOA,3 ROOM,12,FARRER PK RD,22 TO 24,62.0,MODEL A,2004,538888.0,,76,4,76 years 4 months,True,price_outlier_iqr_town_flattype,206063.5,498227.5,above upper (high)
2013-02,BUKIT PANJANG,4 ROOM,176,LOMPANG RD,10 TO 12,101.0,MODEL A,1997,538500.0,,69,4,69 years 4 months,True,price_outlier_iqr_town_flattype,245500.0,537500.0,above upper (high)
2012-11,BUKIT PANJANG,4 ROOM,626,SENJA RD,19 TO 21,93.0,PREMIUM APARTMENT,2005,538000.0,,77,4,77 years 4 months,True,price_outlier_iqr_town_flattype,245500.0,537500.0,above upper (high)
2014-08,BUKIT PANJANG,4 ROOM,165,GANGSA RD,25 TO 27,101.0,MODEL A,1998,538000.0,,70,4,70 years 4 months,True,price_outlier_iqr_town_flattype,245500.0,537500.0,above upper (high)
2013-05,JURONG WEST,4 ROOM,516,JURONG WEST ST 52,07 TO 09,103.0,MODEL A,1984,535000.0,,56,4,56 years 4 months,True,price_outlier_iqr_town_flattype,292500.0,520500.0,above upper (high)
2012-08,JURONG WEST,4 ROOM,987A,JURONG WEST ST 93,16 TO 18,93.0,PREMIUM APARTMENT,2008,535000.0,,80,4,80 years 4 months,True,price_outlier_iqr_town_flattype,292500.0,520500.0,above upper (high)
2013-04,KALLANG/WHAMPOA,3 ROOM,12,KG ARANG RD,07 TO 09,103.0,NEW GENERATION,1982,535000.0,,54,4,54 years 4 months,True,price_outlier_iqr_town_flattype,206063.5,498227.5,above upper (high)
2013-02,PASIR RIS,4 ROOM,570,PASIR RIS ST 53,04 TO 06,109.0,MODEL A,1995,535000.0,,67,4,67 years 4 months,True,price_outlier_iqr_town_flattype,337500.0,517500.0,above upper (high)
2013-07,CHOA CHU KANG,4 ROOM,635,CHOA CHU KANG NTH 6,04 TO 06,113.0,PREMIUM APARTMENT,1998,533000.0,,70,4,70 years 4 months,True,price_outlier_iqr_town_flattype,253000.0,525000.0,above upper (high)
2013-01,WOODLANDS,4 ROOM,510,WOODLANDS DR 14,04 TO 06,107.0,PREMIUM APARTMENT,1999,533000.0,,71,4,71 years 4 months,True,price_outlier_iqr_town_flattype,282000.0,490000.0,above upper (high)
2013-05,JURONG WEST,4 ROOM,348,KANG CHING RD,01 TO 03,102.0,MODEL A,1997,533000.0,,69,4,69 years 4 months,True,price_outlier_iqr_town_flattype,292500.0,520500.0,above upper (high)
2013-06,PASIR RIS,4 ROOM,574,PASIR RIS ST 53,10 TO 12,112.0,MODEL A,1995,532000.0,,67,4,67 years 4 months,True,price_outlier_iqr_town_flattype,337500.0,517500.0,above upper (high)
2012-08,PASIR RIS,4 ROOM,574,PASIR RIS ST 53,10 TO 12,112.0,MODEL A,1995,532000.0,,67,4,67 years 4 months,True,price_outlier_iqr_town_flattype,337500.0,517500.0,above upper (high)
2015-02,KALLANG/WHAMPOA,3 ROOM,14,KG ARANG RD,01 TO 03,103.0,NEW GENERATION,1984,532000.0,68.0,56,4,56 years 4 months,True,price_outlier_iqr_town_flattype,206063.5,498227.5,above upper (high)
2013-08,CHOA CHU KANG,4 ROOM,635,CHOA CHU KANG NTH 6,04 TO 06,113.0,PREMIUM APARTMENT,1998,532000.0,,70,4,70 years 4 months,True,price_outlier_iqr_town_flattype,253000.0,525000.0,above upper (high)
2013-04,CHOA CHU KANG,4 ROOM,340,CHOA CHU KANG LOOP,04 TO 06,106.0,MODEL A,1993,530000.0,,65,4,65 years 4 months,True,price_outlier_iqr_town_flattype,253000.0,525000.0,above upper (high)
2016-09,KALLANG/WHAMPOA,3 ROOM,38B,BENDEMEER RD,25 TO 27,69.0,MODEL A,2012,530000.0,94.0,84,4,84 years 4 months,True,price_outlier_iqr_town_flattype,206063.5,498227.5,above upper (high)
2012-06,JURONG WEST,4 ROOM,517C,JURONG WEST ST 52,01 TO 03,95.0,MODEL A,2000,530000.0,,72,4,72 years 4 months,True,price_outlier_iqr_town_flattype,292500.0,520500.0,above upper (high)
2012-05,PASIR RIS,4 ROOM,571,PASIR RIS ST 53,11 TO 15,108.0,MODEL A,1995,530000.0,,67,4,67 years 4 months,True,price_outlier_iqr_town_flattype,337500.0,517500.0,above upper (high)
2016-04,KALLANG/WHAMPOA,3 ROOM,38B,BENDEMEER RD,22 TO 24,69.0,MODEL A,2012,528000.0,95.0,84,4,84 years 4 months,True,price_outlier_iqr_town_flattype,206063.5,498227.5,above upper (high)
2012-09,CHOA CHU KANG,4 ROOM,641,CHOA CHU KANG ST 64,13 TO 15,100.0,PREMIUM APARTMENT,1998,528000.0,,70,4,70 years 4 months,True,price_outlier_iqr_town_flattype,253000.0,525000.0,above upper (high)
2013-02,JURONG WEST,4 ROOM,515,JURONG WEST ST 52,07 TO 09,103.0,MODEL A,1984,527500.0,,56,4,56 years 4 months,True,price_outlier_iqr_town_flattype,292500.0,520500.0,above upper (high)
2013-05,PASIR RIS,4 ROOM,477,PASIR RIS DR 6,04 TO 06,122.0,MODEL A,1989,527000.0,,61,4,61 years 4 months,True,price_outlier_iqr_town_flattype,337500.0,517500.0,above upper (high)
2012-12,CHOA CHU KANG,4 ROOM,634,CHOA CHU KANG NTH 6,07 TO 09,113.0,PREMIUM APARTMENT,1998,526000.0,,70,4,70 years 4 months,True,price_outlier_iqr_town_flattype,253000.0,525000.0,above upper (high)
2013-06,PASIR RIS,4 ROOM,481,PASIR RIS DR 4,10 TO 12,114.0,MODEL A,1992,525000.0,,64,4,64 years 4 months,True,price_outlier_iqr_town_flattype,337500.0,517500.0,above upper (high)
2012-05,JURONG WEST,4 ROOM,516,JURONG WEST ST 52,06 TO 10,104.0,MODEL A,1984,525000.0,,56,4,56 years 4 months,True,price_outlier_iqr_town_flattype,292500.0,520500.0,above upper (high)
2012-07,JURONG WEST,4 ROOM,518,JURONG WEST ST 52,10 TO 12,104.0,MODEL A,1984,525000.0,,56,4,56 years 4 months,True,price_outlier_iqr_town_flattype,292500.0,520500.0,above upper (high)
2016-07,KALLANG/WHAMPOA,3 ROOM,38D,BENDEMEER RD,13 TO 15,69.0,MODEL A,2012,525000.0,94.0,84,4,84 years 4 months,True,price_outlier_iqr_town_flattype,206063.5,498227.5,above upper (high)
2013-07,JURONG WEST,4 ROOM,693,JURONG WEST CTRL 1,07 TO 09,102.0,PREMIUM APARTMENT,1998,522000.0,,70,4,70 years 4 months,True,price_outlier_iqr_town_flattype,292500.0,520500.0,above upper (high)
2013-01,JURONG WEST,4 ROOM,691,JURONG WEST CTRL 1,10 TO 12,99.0,PREMIUM APARTMENT,1998,522000.0,,70,4,70 years 4 months,True,price_outlier_iqr_town_flattype,292500.0,520500.0,above upper (high)
2016-07,CLEMENTI,3 ROOM,420,CLEMENTI AVE 1,22 TO 24,74.0,MODEL A,2013,521000.0,96.0,85,4,85 years 4 months,True,price_outlier_iqr_town_flattype,227000.0,491000.0,above upper (high)
2015-05,KALLANG/WHAMPOA,3 ROOM,14,KG ARANG RD,04 TO 06,103.0,NEW GENERATION,1984,520000.0,68.0,56,4,56 years 4 months,True,price_outlier_iqr_town_flattype,206063.5,498227.5,above upper (high)
2013-04,BEDOK,3 ROOM,221C,BEDOK CTRL,16 TO 18,69.0,MODEL A,2010,520000.0,,82,4,82 years 4 months,True,price_outlier_iqr_town_flattype,236000.0,420000.0,above upper (high)
2012-12,BEDOK,3 ROOM,219A,BEDOK CTRL,04 TO 06,69.0,MODEL A,2010,520000.0,,82,4,82 years 4 months,True,price_outlier_iqr_town_flattype,236000.0,420000.0,above upper (high)
2013-05,YISHUN,4 ROOM,808,YISHUN RING RD,10 TO 12,105.0,MODEL A,1987,520000.0,,59,4,59 years 4 months,True,price_outlier_iqr_town_flattype,258000.0,506000.0,above upper (high)
2013-04,CLEMENTI,3 ROOM,379,CLEMENTI AVE 5,10 TO 12,82.0,NEW GENERATION,1980,518000.0,,52,4,52 years 4 months,True,price_outlier_iqr_town_flattype,227000.0,491000.0,above upper (high)
2013-06,PASIR RIS,4 ROOM,411,PASIR RIS DR 6,07 TO 09,107.0,MODEL A,1990,518000.0,,62,4,62 years 4 months,True,price_outlier_iqr_town_flattype,337500.0,517500.0,above upper (high)
2014-11,PASIR RIS,4 ROOM,572,PASIR RIS ST 53,13 TO 15,113.0,MODEL A,1995,518000.0,,67,4,67 years 4 months,True,price_outlier_iqr_town_flattype,337500.0,517500.0,above upper (high)
2016-05,KALLANG/WHAMPOA,3 ROOM,12,KG ARANG RD,01 TO 03,103.0,NEW GENERATION,1982,518000.0,65.0,54,4,54 years 4 months,True,price_outlier_iqr_town_flattype,206063.5,498227.5,above upper (high)
2015-10,KALLANG/WHAMPOA,3 ROOM,38D,BENDEMEER RD,13 TO 15,69.0,MODEL A,2012,518000.0,95.0,84,4,84 years 4 months,True,price_outlier_iqr_town_flattype,206063.5,498227.5,above upper (high)
2013-03,BEDOK,3 ROOM,220A,BEDOK CTRL,10 TO 12,69.0,MODEL A,2010,515000.0,,82,4,82 years 4 months,True,price_outlier_iqr_town_flattype,236000.0,420000.0,above upper (high)
2013-01,KALLANG/WHAMPOA,3 ROOM,105,TOWNER RD,07 TO 09,74.0,MODEL A,1984,515000.0,,56,4,56 years 4 months,True,price_outlier_iqr_town_flattype,206063.5,498227.5,above upper (high)
2012-11,CLEMENTI,3 ROOM,327,CLEMENTI AVE 5,13 TO 15,82.0,NEW GENERATION,1978,515000.0,,50,4,50 years 4 months,True,price_outlier_iqr_town_flattype,227000.0,491000.0,above upper (high)
2012-11,YISHUN,4 ROOM,825,YISHUN ST 81,10 TO 12,103.0,MODEL A,1988,515000.0,,60,4,60 years 4 months,True,price_outlier_iqr_town_flattype,258000.0,506000.0,above upper (high)
2016-09,KALLANG/WHAMPOA,3 ROOM,38C,BENDEMEER RD,16 TO 18,69.0,MODEL A,2012,512000.0,94.0,84,4,84 years 4 months,True,price_outlier_iqr_town_flattype,206063.5,498227.5,above upper (high)
2015-06,KALLANG/WHAMPOA,3 ROOM,12,KG ARANG RD,10 TO 12,103.0,NEW GENERATION,1982,510000.0,65.0,54,4,54 years 4 months,True,price_outlier_iqr_town_flattype,206063.5,498227.5,above upper (high)
2013-04,WOODLANDS,4 ROOM,369,WOODLANDS AVE 1,10 TO 12,105.0,MODEL A,1996,510000.0,,68,4,68 years 4 months,True,price_outlier_iqr_town_flattype,282000.0,490000.0,above upper (high)
2013-04,CLEMENTI,3 ROOM,371,CLEMENTI AVE 4,07 TO 09,82.0,NEW GENERATION,1981,510000.0,,53,4,53 years 4 months,True,price_outlier_iqr_town_flattype,227000.0,491000.0,above upper (high)
2012-10,YISHUN,4 ROOM,800,YISHUN RING RD,10 TO 12,104.0,MODEL A,1987,510000.0,,59,4,59 years 4 months,True,price_outlier_iqr_town_flattype,258000.0,506000.0,above upper (high)
2013-05,YISHUN,4 ROOM,927,YISHUN CTRL 1,01 TO 03,104.0,MODEL A,1993,510000.0,,65,4,65 years 4 months,True,price_outlier_iqr_town_flattype,258000.0,506000.0,above upper (high)
2015-11,KALLANG/WHAMPOA,3 ROOM,12,KG ARANG RD,10 TO 12,103.0,NEW GENERATION,1982,509000.0,65.0,54,4,54 years 4 months,True,price_outlier_iqr_town_flattype,206063.5,498227.5,above upper (high)
2013-04,KALLANG/WHAMPOA,3 ROOM,50,DORSET RD,04 TO 06,82.0,NEW GENERATION,1979,508000.0,,51,4,51 years 4 months,True,price_outlier_iqr_town_flattype,206063.5,498227.5,above upper (high)
2015-06,KALLANG/WHAMPOA,3 ROOM,5A,UPP BOON KENG RD,22 TO 24,67.0,MODEL A,2012,508000.0,95.0,84,4,84 years 4 months,True,price_outlier_iqr_town_flattype,206063.5,498227.5,above upper (high)
2016-05,KALLANG/WHAMPOA,3 ROOM,39A,BENDEMEER RD,13 TO 15,69.0,MODEL A,2012,507888.0,95.0,84,4,84 years 4 months,True,price_outlier_iqr_town_flattype,206063.5,498227.5,above upper (high)
2013-05,CLEMENTI,3 ROOM,304,CLEMENTI AVE 4,01 TO 03,82.0,NEW GENERATION,1979,507000.0,,51,4,51 years 4 months,True,price_outlier_iqr_town_flattype,227000.0,491000.0,above upper (high)
2016-05,KALLANG/WHAMPOA,3 ROOM,12,KG ARANG RD,04 TO 06,107.0,NEW GENERATION,1982,505000.0,64.0,54,4,54 years 4 months,True,price_outlier_iqr_town_flattype,206063.5,498227.5,above upper (high)
2012-02,BEDOK,EXECUTIVE,115,BEDOK RESERVOIR RD,04 TO 06,150.0,MAISONETTE,1985,505000.0,,57,4,57 years 4 months,True,price_outlier_iqr_town_flattype,526250.0,868250.0,below lower (low)
2013-01,KALLANG/WHAMPOA,3 ROOM,12,FARRER PK RD,13 TO 15,62.0,MODEL A,2004,505000.0,,76,4,76 years 4 months,True,price_outlier_iqr_town_flattype,206063.5,498227.5,above upper (high)
2013-06,CLEMENTI,3 ROOM,379,CLEMENTI AVE 5,10 TO 12,82.0,NEW GENERATION,1980,505000.0,,52,4,52 years 4 months,True,price_outlier_iqr_town_flattype,227000.0,491000.0,above upper (high)
2012-05,KALLANG/WHAMPOA,3 ROOM,15,FARRER PK RD,26 TO 30,62.0,MODEL A,2004,503000.0,,76,4,76 years 4 months,True,price_outlier_iqr_town_flattype,206063.5,498227.5,above upper (high)
2015-07,KALLANG/WHAMPOA,3 ROOM,5A,UPP BOON KENG RD,13 TO 15,67.0,MODEL A,2012,503000.0,95.0,84,4,84 years 4 months,True,price_outlier_iqr_town_flattype,206063.5,498227.5,above upper (high)
2013-11,GEYLANG,3 ROOM,12,PINE CL,13 TO 15,82.0,NEW GENERATION,1981,500888.0,,53,4,53 years 4 months,True,price_outlier_iqr_town_flattype,195000.0,435000.0,above upper (high)
2014-07,BEDOK,3 ROOM,221B,BEDOK CTRL,16 TO 18,69.0,MODEL A,2010,500000.0,,82,4,82 years 4 months,True,price_outlier_iqr_town_flattype,236000.0,420000.0,above upper (high)
2013-03,KALLANG/WHAMPOA,3 ROOM,15,FARRER PK RD,19 TO 21,62.0,MODEL A,2004,500000.0,,76,4,76 years 4 months,True,price_outlier_iqr_town_flattype,206063.5,498227.5,above upper (high)
2015-01,BEDOK,3 ROOM,219A,BEDOK CTRL,16 TO 18,69.0,MODEL A,2010,500000.0,94.0,82,4,82 years 4 months,True,price_outlier_iqr_town_flattype,236000.0,420000.0,above upper (high)
2013-09,BEDOK,3 ROOM,221C,BEDOK CTRL,07 TO 09,69.0,MODEL A,2010,500000.0,,82,4,82 years 4 months,True,price_outlier_iqr_town_flattype,236000.0,420000.0,above upper (high)
2013-10,BEDOK,3 ROOM,221B,BEDOK CTRL,10 TO 12,69.0,MODEL A,2010,500000.0,,82,4,82 years 4 months,True,price_outlier_iqr_town_flattype,236000.0,420000.0,above upper (high)
2014-02,KALLANG/WHAMPOA,3 ROOM,12,FARRER PK RD,19 TO 21,62.0,MODEL A,2004,500000.0,,76,4,76 years 4 months,True,price_outlier_iqr_town_flattype,206063.5,498227.5,above upper (high)
2013-04,WOODLANDS,4 ROOM,367,WOODLANDS AVE 5,10 TO 12,105.0,MODEL A,1996,500000.0,,68,4,68 years 4 months,True,price_outlier_iqr_town_flattype,282000.0,490000.0,above upper (high)
2016-10,KALLANG/WHAMPOA,3 ROOM,7,BOON KENG RD,01 TO 03,68.0,DBSS,2011,500000.0,93.0,83,4,83 years 4 months,True,price_outlier_iqr_town_flattype,206063.5,498227.5,above upper (high)
2014-04,CLEMENTI,3 ROOM,376,CLEMENTI AVE 4,07 TO 09,81.0,NEW GENERATION,1980,498000.0,,52,4,52 years 4 months,True,price_outlier_iqr_town_flattype,227000.0,491000.0,above upper (high)
2014-01,BEDOK,3 ROOM,219A,BEDOK CTRL,16 TO 18,69.0,MODEL A,2010,498000.0,,82,4,82 years 4 months,True,price_outlier_iqr_town_flattype,236000.0,420000.0,above upper (high)
2016-04,BEDOK,3 ROOM,219A,BEDOK CTRL,10 TO 12,62.0,MODEL A,2010,498000.0,93.0,82,4,82 years 4 months,True,price_outlier_iqr_town_flattype,236000.0,420000.0,above upper (high)
2016-09,BEDOK,3 ROOM,219A,BEDOK CTRL,16 TO 18,62.0,MODEL A,2010,498000.0,92.0,82,4,82 years 4 months,True,price_outlier_iqr_town_flattype,236000.0,420000.0,above upper (high)
2013-09,CLEMENTI,3 ROOM,374,CLEMENTI AVE 4,10 TO 12,82.0,NEW GENERATION,1981,498000.0,,53,4,53 years 4 months,True,price_outlier_iqr_town_flattype,227000.0,491000.0,above upper (high)
2013-09,GEYLANG,3 ROOM,31,EUNOS CRES,19 TO 21,60.0,MODEL A,2007,495000.0,,79,4,79 years 4 months,True,price_outlier_iqr_town_flattype,195000.0,435000.0,above upper (high)
2016-09,ANG MO KIO,3 ROOM,308A,ANG MO KIO AVE 1,10 TO 12,70.0,MODEL A,2012,495000.0,95.0,84,4,84 years 4 months,True,price_outlier_iqr_town_flattype,242500.0,446500.0,above upper (high)
2013-01,CLEMENTI,3 ROOM,306,CLEMENTI AVE 4,10 TO 12,82.0,NEW GENERATION,1979,495000.0,,51,4,51 years 4 months,True,price_outlier_iqr_town_flattype,227000.0,491000.0,above upper (high)
2012-11,WOODLANDS,4 ROOM,365,WOODLANDS AVE 5,10 TO 12,105.0,MODEL A,1996,493000.0,,68,4,68 years 4 months,True,price_outlier_iqr_town_flattype,282000.0,490000.0,above upper (high)
2015-05,BEDOK,3 ROOM,219D,BEDOK CTRL,16 TO 18,69.0,MODEL A,2010,490000.0,94.0,82,4,82 years 4 months,True,price_outlier_iqr_town_flattype,236000.0,420000.0,above upper (high)
2012-08,ANG MO KIO,3 ROOM,345,ANG MO KIO AVE 3,10 TO 12,88.0,NEW GENERATION,1978,490000.0,,50,4,50 years 4 months,True,price_outlier_iqr_town_flattype,242500.0,446500.0,above upper (high)
2015-07,ANG MO KIO,3 ROOM,308B,ANG MO KIO AVE 1,28 TO 30,70.0,MODEL A,2012,488000.0,96.0,84,4,84 years 4 months,True,price_outlier_iqr_town_flattype,242500.0,446500.0,above upper (high)
2014-09,BEDOK,3 ROOM,220A,BEDOK CTRL,10 TO 12,69.0,MODEL A,2010,488000.0,,82,4,82 years 4 months,True,price_outlier_iqr_town_flattype,236000.0,420000.0,above upper (high)
2013-04,ANG MO KIO,3 ROOM,301,ANG MO KIO AVE 3,04 TO 06,88.0,NEW GENERATION,1978,485000.0,,50,4,50 years 4 months,True,price_outlier_iqr_town_flattype,242500.0,446500.0,above upper (high)
2016-01,GEYLANG,3 ROOM,10,PINE CL,13 TO 15,82.0,NEW GENERATION,1981,485000.0,64.0,53,4,53 years 4 months,True,price_outlier_iqr_town_flattype,195000.0,435000.0,above upper (high)
2013-02,GEYLANG,3 ROOM,31,EUNOS CRES,16 TO 18,60.0,MODEL A,2007,485000.0,,79,4,79 years 4 months,True,price_outlier_iqr_town_flattype,195000.0,435000.0,above upper (high)
2014-01,BEDOK,3 ROOM,221B,BEDOK CTRL,07 TO 09,69.0,MODEL A,2010,485000.0,,82,4,82 years 4 months,True,price_outlier_iqr_town_flattype,236000.0,420000.0,above upper (high)
2012-09,GEYLANG,3 ROOM,4,JOO CHIAT RD,16 TO 18,90.0,MODEL A,1985,483000.0,,57,4,57 years 4 months,True,price_outlier_iqr_town_flattype,195000.0,435000.0,above upper (high)
2016-04,CHOA CHU KANG,EXECUTIVE,680,CHOA CHU KANG CRES,01 TO 03,144.0,PREMIUM APARTMENT,1999,480168.0,82.0,71,4,71 years 4 months,True,price_outlier_iqr_town_flattype,483000.0,675000.0,below lower (low)
2016-01,BEDOK,3 ROOM,220A,BEDOK CTRL,07 TO 09,69.0,MODEL A,2010,480000.0,93.0,82,4,82 years 4 months,True,price_outlier_iqr_town_flattype,236000.0,420000.0,above upper (high)
2016-01,ANG MO KIO,3 ROOM,308B,ANG MO KIO AVE 1,19 TO 21,70.0,MODEL A,2012,480000.0,95.0,84,4,84 years 4 months,True,price_outlier_iqr_town_flattype,242500.0,446500.0,above upper (high)
2013-04,BEDOK,3 ROOM,201,BEDOK NTH ST 1,04 TO 06,88.0,NEW GENERATION,1979,480000.0,,51,4,51 years 4 months,True,price_outlier_iqr_town_flattype,236000.0,420000.0,above upper (high)
2014-02,ANG MO KIO,3 ROOM,302,ANG MO KIO AVE 3,10 TO 12,88.0,NEW GENERATION,1978,480000.0,,50,4,50 years 4 months,True,price_outlier_iqr_town_flattype,242500.0,446500.0,above upper (high)
2013-04,GEYLANG,3 ROOM,414,EUNOS RD 5,01 TO 03,80.0,MODEL A,1984,480000.0,,56,4,56 years 4 months,True,price_outlier_iqr_town_flattype,195000.0,435000.0,above upper (high)
2015-07,ANG MO KIO,3 ROOM,308A,ANG MO KIO AVE 1,28 TO 30,70.0,MODEL A,2012,480000.0,96.0,84,4,84 years 4 months,True,price_outlier_iqr_town_flattype,242500.0,446500.0,above upper (high)
2016-04,TOA PAYOH,3 ROOM,137,POTONG PASIR AVE 3,13 TO 15,97.0,MODEL A,1984,480000.0,67.0,56,4,56 years 4 months,True,price_outlier_iqr_town_flattype,215000.0,455000.0,above upper (high)
2013-08,ANG MO KIO,3 ROOM,346,ANG MO KIO AVE 3,07 TO 09,88.0,NEW GENERATION,1978,480000.0,,50,4,50 years 4 months,True,price_outlier_iqr_town_flattype,242500.0,446500.0,above upper (high)
2013-06,ANG MO KIO,3 ROOM,329,ANG MO KIO AVE 3,10 TO 12,88.0,NEW GENERATION,1978,480000.0,,50,4,50 years 4 months,True,price_outlier_iqr_town_flattype,242500.0,446500.0,above upper (high)
2015-10,BEDOK,3 ROOM,219A,BEDOK CTRL,07 TO 09,62.0,MODEL A,2010,478000.0,93.0,82,4,82 years 4 months,True,price_outlier_iqr_town_flattype,236000.0,420000.0,above upper (high)
2013-05,BEDOK,3 ROOM,220A,BEDOK CTRL,01 TO 03,69.0,MODEL A,2010,478000.0,,82,4,82 years 4 months,True,price_outlier_iqr_town_flattype,236000.0,420000.0,above upper (high)
2013-05,GEYLANG,3 ROOM,31,EUNOS CRES,13 TO 15,60.0,MODEL A,2007,476000.0,,79,4,79 years 4 months,True,price_outlier_iqr_town_flattype,195000.0,435000.0,above upper (high)
2016-01,ANG MO KIO,3 ROOM,308A,ANG MO KIO AVE 1,25 TO 27,70.0,MODEL A,2012,476000.0,95.0,84,4,84 years 4 months,True,price_outlier_iqr_town_flattype,242500.0,446500.0,above upper (high)
2013-05,GEYLANG,3 ROOM,3,HAIG RD,10 TO 12,76.0,IMPROVED,1976,475000.0,,48,4,48 years 4 months,True,price_outlier_iqr_town_flattype,195000.0,435000.0,above upper (high)
2014-09,GEYLANG,3 ROOM,34,EUNOS CRES,16 TO 18,60.0,MODEL A,2006,475000.0,,78,4,78 years 4 months,True,price_outlier_iqr_town_flattype,195000.0,435000.0,above upper (high)
2016-08,ANG MO KIO,3 ROOM,308B,ANG MO KIO AVE 1,25 TO 27,70.0,MODEL A,2012,475000.0,95.0,84,4,84 years 4 months,True,price_outlier_iqr_town_flattype,242500.0,446500.0,above upper (high)
2015-01,GEYLANG,3 ROOM,34,EUNOS CRES,16 TO 18,60.0,MODEL A,2006,475000.0,90.0,78,4,78 years 4 months,True,price_outlier_iqr_town_flattype,195000.0,435000.0,above upper (high)
2016-08,CHOA CHU KANG,EXECUTIVE,526,CHOA CHU KANG ST 51,01 TO 03,142.0,APARTMENT,1995,475000.0,77.0,67,4,67 years 4 months,True,price_outlier_iqr_town_flattype,483000.0,675000.0,below lower (low)
2013-08,SERANGOON,3 ROOM,203,SERANGOON CTRL,10 TO 12,64.0,SIMPLIFIED,1986,473000.0,,58,4,58 years 4 months,True,price_outlier_iqr_town_flattype,237500.0,457500.0,above upper (high)
2016-04,BEDOK,3 ROOM,219D,BEDOK CTRL,07 TO 09,69.0,MODEL A,2010,473000.0,93.0,82,4,82 years 4 months,True,price_outlier_iqr_town_flattype,236000.0,420000.0,above upper (high)
2015-11,BEDOK,3 ROOM,219D,BEDOK CTRL,04 TO 06,69.0,MODEL A,2010,473000.0,93.0,82,4,82 years 4 months,True,price_outlier_iqr_town_flattype,236000.0,420000.0,above upper (high)
2012-08,QUEENSTOWN,4 ROOM,168A,QUEENSWAY,13 TO 15,84.0,IMPROVED,1974,472000.0,,46,4,46 years 4 months,True,price_outlier_iqr_town_flattype,472500.0,892500.0,below lower (low)
2013-09,BEDOK,3 ROOM,220A,BEDOK CTRL,01 TO 03,69.0,MODEL A,2010,471000.0,,82,4,82 years 4 months,True,price_outlier_iqr_town_flattype,236000.0,420000.0,above upper (high)
2014-07,GEYLANG,3 ROOM,33,EUNOS CRES,16 TO 18,60.0,MODEL A,2007,470000.0,,79,4,79 years 4 months,True,price_outlier_iqr_town_flattype,195000.0,435000.0,above upper (high)
2016-05,CHOA CHU KANG,EXECUTIVE,679,CHOA CHU KANG CRES,07 TO 09,144.0,PREMIUM APARTMENT,1999,470000.0,82.0,71,4,71 years 4 months,True,price_outlier_iqr_town_flattype,483000.0,675000.0,below lower (low)
2016-09,ANG MO KIO,3 ROOM,308B,ANG MO KIO AVE 1,25 TO 27,70.0,MODEL A,2012,470000.0,95.0,84,4,84 years 4 months,True,price_outlier_iqr_town_flattype,242500.0,446500.0,above upper (high)
2015-02,QUEENSTOWN,4 ROOM,23B,QUEEN'S CL,07 TO 09,89.0,IMPROVED,1973,470000.0,57.0,45,4,45 years 4 months,True,price_outlier_iqr_town_flattype,472500.0,892500.0,below lower (low)
2012-07,ANG MO KIO,3 ROOM,345,ANG MO KIO AVE 3,10 TO 12,88.0,NEW GENERATION,1978,470000.0,,50,4,50 years 4 months,True,price_outlier_iqr_town_flattype,242500.0,446500.0,above upper (high)
2016-12,CHOA CHU KANG,EXECUTIVE,531,CHOA CHU KANG ST 51,01 TO 03,153.0,APARTMENT,1995,470000.0,77.0,67,4,67 years 4 months,True,price_outlier_iqr_town_flattype,483000.0,675000.0,below lower (low)
2014-06,ANG MO KIO,3 ROOM,301,ANG MO KIO AVE 3,07 TO 09,88.0,NEW GENERATION,1978,470000.0,,50,4,50 years 4 months,True,price_outlier_iqr_town_flattype,242500.0,446500.0,above upper (high)
2014-10,QUEENSTOWN,4 ROOM,23B,QUEEN'S CL,07 TO 09,89.0,IMPROVED,1973,470000.0,,45,4,45 years 4 months,True,price_outlier_iqr_town_flattype,472500.0,892500.0,below lower (low)
2013-07,GEYLANG,3 ROOM,36,EUNOS CRES,13 TO 15,60.0,MODEL A,2006,470000.0,,78,4,78 years 4 months,True,price_outlier_iqr_town_flattype,195000.0,435000.0,above upper (high)
2013-01,GEYLANG,3 ROOM,33,EUNOS CRES,10 TO 12,60.0,MODEL A,2007,470000.0,,79,4,79 years 4 months,True,price_outlier_iqr_town_flattype,195000.0,435000.0,above upper (high)
2015-08,BEDOK,3 ROOM,219A,BEDOK CTRL,07 TO 09,62.0,MODEL A,2010,470000.0,93.0,82,4,82 years 4 months,True,price_outlier_iqr_town_flattype,236000.0,420000.0,above upper (high)
2014-02,GEYLANG,3 ROOM,58,DAKOTA CRES,10 TO 12,74.0,MODEL A,1984,468000.0,,56,4,56 years 4 months,True,price_outlier_iqr_town_flattype,195000.0,435000.0,above upper (high)
2013-02,BEDOK,3 ROOM,220A,BEDOK CTRL,10 TO 12,62.0,MODEL A,2010,468000.0,,82,4,82 years 4 months,True,price_outlier_iqr_town_flattype,236000.0,420000.0,above upper (high)
2013-05,ANG MO KIO,3 ROOM,313,ANG MO KIO AVE 3,01 TO 03,88.0,NEW GENERATION,1978,468000.0,,50,4,50 years 4 months,True,price_outlier_iqr_town_flattype,242500.0,446500.0,above upper (high)
2013-05,GEYLANG,3 ROOM,414,EUNOS RD 5,01 TO 03,87.0,MODEL A,1984,467000.0,,56,4,56 years 4 months,True,price_outlier_iqr_town_flattype,195000.0,435000.0,above upper (high)
2013-08,ANG MO KIO,3 ROOM,329,ANG MO KIO AVE 3,04 TO 06,88.0,NEW GENERATION,1978,467000.0,,50,4,50 years 4 months,True,price_outlier_iqr_town_flattype,242500.0,446500.0,above upper (high)
2014-01,BEDOK,3 ROOM,221C,BEDOK CTRL,10 TO 12,69.0,MODEL A,2010,467000.0,,82,4,82 years 4 months,True,price_outlier_iqr_town_flattype,236000.0,420000.0,above upper (high)
2014-09,ANG MO KIO,3 ROOM,301,ANG MO KIO AVE 3,07 TO 09,88.0,NEW GENERATION,1978,466000.0,,50,4,50 years 4 months,True,price_outlier_iqr_town_flattype,242500.0,446500.0,above upper (high)
2013-09,HOUGANG,3 ROOM,108,HOUGANG AVE 1,04 TO 06,81.0,NEW GENERATION,1984,465000.0,,56,4,56 years 4 months,True,price_outlier_iqr_town_flattype,228000.0,420000.0,above upper (high)
2015-04,ANG MO KIO,3 ROOM,301,ANG MO KIO AVE 3,10 TO 12,88.0,NEW GENERATION,1978,465000.0,61.0,50,4,50 years 4 months,True,price_outlier_iqr_town_flattype,242500.0,446500.0,above upper (high)
2016-02,QUEENSTOWN,4 ROOM,168A,QUEENSWAY,19 TO 21,84.0,IMPROVED,1974,465000.0,57.0,46,4,46 years 4 months,True,price_outlier_iqr_town_flattype,472500.0,892500.0,below lower (low)
2014-06,BEDOK,3 ROOM,219D,BEDOK CTRL,04 TO 06,69.0,MODEL A,2010,465000.0,,82,4,82 years 4 months,True,price_outlier_iqr_town_flattype,236000.0,420000.0,above upper (high)
2013-11,GEYLANG,3 ROOM,36,EUNOS CRES,07 TO 09,60.0,MODEL A,2006,465000.0,,78,4,78 years 4 months,True,price_outlier_iqr_town_flattype,195000.0,435000.0,above upper (high)
2016-07,GEYLANG,3 ROOM,33,EUNOS CRES,16 TO 18,60.0,MODEL A,2007,465000.0,89.0,79,4,79 years 4 months,True,price_outlier_iqr_town_flattype,195000.0,435000.0,above upper (high)
2013-01,GEYLANG,3 ROOM,33,EUNOS CRES,13 TO 15,60.0,MODEL A,2007,465000.0,,79,4,79 years 4 months,True,price_outlier_iqr_town_flattype,195000.0,435000.0,above upper (high)
2014-09,BEDOK,3 ROOM,221B,BEDOK CTRL,01 TO 03,69.0,MODEL A,2010,465000.0,,82,4,82 years 4 months,True,price_outlier_iqr_town_flattype,236000.0,420000.0,above upper (high)
2012-10,GEYLANG,3 ROOM,32,EUNOS CRES,04 TO 06,60.0,MODEL A,2007,463800.0,,79,4,79 years 4 months,True,price_outlier_iqr_town_flattype,195000.0,435000.0,above upper (high)
2014-04,GEYLANG,3 ROOM,34,EUNOS CRES,10 TO 12,60.0,MODEL A,2006,463000.0,,78,4,78 years 4 months,True,price_outlier_iqr_town_flattype,195000.0,435000.0,above upper (high)
2014-11,GEYLANG,3 ROOM,33,EUNOS CRES,10 TO 12,60.0,MODEL A,2007,462500.0,,79,4,79 years 4 months,True,price_outlier_iqr_town_flattype,195000.0,435000.0,above upper (high)
2014-06,GEYLANG,3 ROOM,33,EUNOS CRES,07 TO 09,60.0,MODEL A,2007,462000.0,,79,4,79 years 4 months,True,price_outlier_iqr_town_flattype,195000.0,435000.0,above upper (high)
2016-09,CHOA CHU KANG,EXECUTIVE,679,CHOA CHU KANG CRES,01 TO 03,144.0,PREMIUM APARTMENT,1999,460000.0,82.0,71,4,71 years 4 months,True,price_outlier_iqr_town_flattype,483000.0,675000.0,below lower (low)
2016-07,GEYLANG,3 ROOM,35,EUNOS CRES,16 TO 18,60.0,MODEL A,2006,460000.0,89.0,78,4,78 years 4 months,True,price_outlier_iqr_town_flattype,195000.0,435000.0,above upper (high)
2013-11,GEYLANG,3 ROOM,22,HAIG RD,01 TO 03,81.0,NEW GENERATION,1981,460000.0,,53,4,53 years 4 months,True,price_outlier_iqr_town_flattype,195000.0,435000.0,above upper (high)
2013-03,GEYLANG,3 ROOM,35,EUNOS CRES,04 TO 06,60.0,MODEL A,2006,460000.0,,78,4,78 years 4 months,True,price_outlier_iqr_town_flattype,195000.0,435000.0,above upper (high)
2014-03,GEYLANG,3 ROOM,34,EUNOS CRES,13 TO 15,60.0,MODEL A,2006,460000.0,,78,4,78 years 4 months,True,price_outlier_iqr_town_flattype,195000.0,435000.0,above upper (high)
2012-03,ANG MO KIO,3 ROOM,313,ANG MO KIO AVE 3,06 TO 10,88.0,NEW GENERATION,1978,460000.0,,50,4,50 years 4 months,True,price_outlier_iqr_town_flattype,242500.0,446500.0,above upper (high)
2013-01,ANG MO KIO,3 ROOM,332,ANG MO KIO AVE 1,07 TO 09,82.0,NEW GENERATION,1981,460000.0,,53,4,53 years 4 months,True,price_outlier_iqr_town_flattype,242500.0,446500.0,above upper (high)
2016-07,QUEENSTOWN,4 ROOM,168A,QUEENSWAY,10 TO 12,84.0,IMPROVED,1974,460000.0,56.0,46,4,46 years 4 months,True,price_outlier_iqr_town_flattype,472500.0,892500.0,below lower (low)
2015-10,QUEENSTOWN,4 ROOM,23B,QUEEN'S CL,07 TO 09,89.0,IMPROVED,1973,460000.0,56.0,45,4,45 years 4 months,True,price_outlier_iqr_town_flattype,472500.0,892500.0,below lower (low)
2014-05,SERANGOON,3 ROOM,204,SERANGOON CTRL,10 TO 12,64.0,SIMPLIFIED,1985,460000.0,,57,4,57 years 4 months,True,price_outlier_iqr_town_flattype,237500.0,457500.0,above upper (high)
2012-04,GEYLANG,3 ROOM,3,JOO CHIAT RD,06 TO 10,90.0,MODEL A,1985,460000.0,,57,4,57 years 4 months,True,price_outlier_iqr_town_flattype,195000.0,435000.0,above upper (high)
2014-10,ANG MO KIO,3 ROOM,584,ANG MO KIO AVE 3,07 TO 09,81.0,NEW GENERATION,1979,460000.0,,51,4,51 years 4 months,True,price_outlier_iqr_town_flattype,242500.0,446500.0,above upper (high)
2016-06,ANG MO KIO,3 ROOM,308A,ANG MO KIO AVE 1,28 TO 30,70.0,MODEL A,2012,460000.0,95.0,84,4,84 years 4 months,True,price_outlier_iqr_town_flattype,242500.0,446500.0,above upper (high)
2012-07,GEYLANG,3 ROOM,31,EUNOS CRES,16 TO 18,60.0,MODEL A,2007,460000.0,,79,4,79 years 4 months,True,price_outlier_iqr_town_flattype,195000.0,435000.0,above upper (high)
2016-01,ANG MO KIO,3 ROOM,308A,ANG MO KIO AVE 1,16 TO 18,70.0,MODEL A,2012,459000.0,95.0,84,4,84 years 4 months,True,price_outlier_iqr_town_flattype,242500.0,446500.0,above upper (high)
2013-04,ANG MO KIO,3 ROOM,418,ANG MO KIO AVE 10,10 TO 12,89.0,NEW GENERATION,1979,458800.0,,51,4,51 years 4 months,True,price_outlier_iqr_town_flattype,242500.0,446500.0,above upper (high)
2016-09,SENGKANG,EXECUTIVE,189B,RIVERVALE DR,04 TO 06,131.0,APARTMENT,2000,458000.0,82.0,72,4,72 years 4 months,True,price_outlier_iqr_town_flattype,462500.0,722500.0,below lower (low)
2015-01,BEDOK,3 ROOM,221B,BEDOK CTRL,04 TO 06,69.0,MODEL A,2010,458000.0,94.0,82,4,82 years 4 months,True,price_outlier_iqr_town_flattype,236000.0,420000.0,above upper (high)
2013-05,ANG MO KIO,3 ROOM,416,ANG MO KIO AVE 10,10 TO 12,89.0,NEW GENERATION,1979,458000.0,,51,4,51 years 4 months,True,price_outlier_iqr_town_flattype,242500.0,446500.0,above upper (high)
2014-08,BEDOK,3 ROOM,219D,BEDOK CTRL,07 TO 09,69.0,MODEL A,2010,458000.0,,82,4,82 years 4 months,True,price_outlier_iqr_town_flattype,236000.0,420000.0,above upper (high)
2014-03,BEDOK,3 ROOM,219A,BEDOK CTRL,07 TO 09,69.0,MODEL A,2010,457000.0,,82,4,82 years 4 months,True,price_outlier_iqr_town_flattype,236000.0,420000.0,above upper (high)
2016-03,BUKIT MERAH,2 ROOM,44,MOH GUAN TER,01 TO 03,64.0,STANDARD,1973,456888.0,55.0,45,4,45 years 4 months,True,price_outlier_iqr_town_flattype,196000.0,355600.0,above upper (high)
2014-04,ANG MO KIO,3 ROOM,302,ANG MO KIO AVE 3,07 TO 09,88.0,NEW GENERATION,1978,456500.0,,50,4,50 years 4 months,True,price_outlier_iqr_town_flattype,242500.0,446500.0,above upper (high)
2014-11,ANG MO KIO,3 ROOM,313,ANG MO KIO AVE 3,04 TO 06,88.0,NEW GENERATION,1978,456000.0,,50,4,50 years 4 months,True,price_outlier_iqr_town_flattype,242500.0,446500.0,above upper (high)
2016-06,GEYLANG,3 ROOM,33,EUNOS CRES,10 TO 12,60.0,MODEL A,2007,456000.0,89.0,79,4,79 years 4 months,True,price_outlier_iqr_town_flattype,195000.0,435000.0,above upper (high)
2013-01,BEDOK,3 ROOM,117,BEDOK NTH RD,13 TO 15,88.0,NEW GENERATION,1978,456000.0,,50,4,50 years 4 months,True,price_outlier_iqr_town_flattype,236000.0,420000.0,above upper (high)
2016-10,SENGKANG,EXECUTIVE,310A,ANCHORVALE RD,04 TO 06,128.0,PREMIUM APARTMENT,2003,455000.0,85.0,75,4,75 years 4 months,True,price_outlier_iqr_town_flattype,462500.0,722500.0,below lower (low)
2012-11,QUEENSTOWN,4 ROOM,168A,QUEENSWAY,04 TO 06,84.0,IMPROVED,1974,455000.0,,46,4,46 years 4 months,True,price_outlier_iqr_town_flattype,472500.0,892500.0,below lower (low)
2013-03,GEYLANG,3 ROOM,1,HAIG RD,13 TO 15,68.0,IMPROVED,1982,455000.0,,54,4,54 years 4 months,True,price_outlier_iqr_town_flattype,195000.0,435000.0,above upper (high)
2013-03,HOUGANG,3 ROOM,21,HOUGANG AVE 3,07 TO 09,88.0,NEW GENERATION,1978,455000.0,,50,4,50 years 4 months,True,price_outlier_iqr_town_flattype,228000.0,420000.0,above upper (high)
2013-05,GEYLANG,3 ROOM,32,EUNOS CRES,19 TO 21,60.0,MODEL A,2007,455000.0,,79,4,79 years 4 months,True,price_outlier_iqr_town_flattype,195000.0,435000.0,above upper (high)
2015-08,GEYLANG,3 ROOM,32,EUNOS CRES,16 TO 18,60.0,MODEL A,2007,455000.0,90.0,79,4,79 years 4 months,True,price_outlier_iqr_town_flattype,195000.0,435000.0,above upper (high)
2016-02,ANG MO KIO,3 ROOM,308B,ANG MO KIO AVE 1,10 TO 12,70.0,MODEL A,2012,455000.0,95.0,84,4,84 years 4 months,True,price_outlier_iqr_town_flattype,242500.0,446500.0,above upper (high)
2014-04,GEYLANG,3 ROOM,31,EUNOS CRES,16 TO 18,60.0,MODEL A,2007,455000.0,,79,4,79 years 4 months,True,price_outlier_iqr_town_flattype,195000.0,435000.0,above upper (high)
2016-07,BUKIT MERAH,2 ROOM,47,MOH GUAN TER,04 TO 06,64.0,STANDARD,1973,454888.0,55.0,45,4,45 years 4 months,True,price_outlier_iqr_town_flattype,196000.0,355600.0,above upper (high)
2013-08,ANG MO KIO,3 ROOM,343,ANG MO KIO AVE 3,10 TO 12,73.0,NEW GENERATION,1978,454000.0,,50,4,50 years 4 months,True,price_outlier_iqr_town_flattype,242500.0,446500.0,above upper (high)
2013-10,GEYLANG,3 ROOM,42,CASSIA CRES,07 TO 09,68.0,NEW GENERATION,1981,454000.0,,53,4,53 years 4 months,True,price_outlier_iqr_town_flattype,195000.0,435000.0,above upper (high)
2012-05,GEYLANG,3 ROOM,34,EUNOS CRES,11 TO 15,60.0,MODEL A,2006,454000.0,,78,4,78 years 4 months,True,price_outlier_iqr_town_flattype,195000.0,435000.0,above upper (high)
2015-11,GEYLANG,3 ROOM,36,EUNOS CRES,13 TO 15,60.0,MODEL A,2006,453000.0,90.0,78,4,78 years 4 months,True,price_outlier_iqr_town_flattype,195000.0,435000.0,above upper (high)
2014-07,BEDOK,3 ROOM,220A,BEDOK CTRL,10 TO 12,69.0,MODEL A,2010,453000.0,,82,4,82 years 4 months,True,price_outlier_iqr_town_flattype,236000.0,420000.0,above upper (high)
2016-07,ANG MO KIO,3 ROOM,308B,ANG MO KIO AVE 1,07 TO 09,70.0,MODEL A,2012,452000.0,95.0,84,4,84 years 4 months,True,price_outlier_iqr_town_flattype,242500.0,446500.0,above upper (high)
2014-09,GEYLANG,3 ROOM,31,EUNOS CRES,07 TO 09,60.0,MODEL A,2007,452000.0,,79,4,79 years 4 months,True,price_outlier_iqr_town_flattype,195000.0,435000.0,above upper (high)
2016-12,ANG MO KIO,3 ROOM,343,ANG MO KIO AVE 3,04 TO 06,88.0,NEW GENERATION,1978,452000.0,60.0,50,4,50 years 4 months,True,price_outlier_iqr_town_flattype,242500.0,446500.0,above upper (high)
2012-08,GEYLANG,3 ROOM,3,JOO CHIAT RD,13 TO 15,90.0,MODEL A,1985,451000.0,,57,4,57 years 4 months,True,price_outlier_iqr_town_flattype,195000.0,435000.0,above upper (high)
2014-08,GEYLANG,3 ROOM,32,EUNOS CRES,07 TO 09,60.0,MODEL A,2007,450000.0,,79,4,79 years 4 months,True,price_outlier_iqr_town_flattype,195000.0,435000.0,above upper (high)
2012-11,BEDOK,3 ROOM,117,BEDOK NTH RD,10 TO 12,88.0,NEW GENERATION,1978,450000.0,,50,4,50 years 4 months,True,price_outlier_iqr_town_flattype,236000.0,420000.0,above upper (high)
2012-02,QUEENSTOWN,4 ROOM,168A,QUEENSWAY,04 TO 06,84.0,IMPROVED,1974,450000.0,,46,4,46 years 4 months,True,price_outlier_iqr_town_flattype,472500.0,892500.0,below lower (low)
2015-06,GEYLANG,3 ROOM,32,EUNOS CRES,13 TO 15,60.0,MODEL A,2007,450000.0,90.0,79,4,79 years 4 months,True,price_outlier_iqr_town_flattype,195000.0,435000.0,above upper (high)
2015-12,HOUGANG,EXECUTIVE,974,HOUGANG ST 91,01 TO 03,137.0,APARTMENT,1999,450000.0,83.0,71,4,71 years 4 months,True,price_outlier_iqr_town_flattype,457500.0,877500.0,below lower (low)
2012-11,ANG MO KIO,3 ROOM,523,ANG MO KIO AVE 5,07 TO 09,82.0,NEW GENERATION,1980,450000.0,,52,4,52 years 4 months,True,price_outlier_iqr_town_flattype,242500.0,446500.0,above upper (high)
2013-10,ANG MO KIO,3 ROOM,313,ANG MO KIO AVE 3,07 TO 09,73.0,NEW GENERATION,1978,450000.0,,50,4,50 years 4 months,True,price_outlier_iqr_town_flattype,242500.0,446500.0,above upper (high)
2016-06,SENGKANG,EXECUTIVE,189A,RIVERVALE DR,01 TO 03,130.0,APARTMENT,2000,450000.0,83.0,72,4,72 years 4 months,True,price_outlier_iqr_town_flattype,462500.0,722500.0,below lower (low)
2014-01,ANG MO KIO,3 ROOM,456,ANG MO KIO AVE 10,10 TO 12,88.0,NEW GENERATION,1980,450000.0,,52,4,52 years 4 months,True,price_outlier_iqr_town_flattype,242500.0,446500.0,above upper (high)
2012-11,ANG MO KIO,3 ROOM,301,ANG MO KIO AVE 3,04 TO 06,88.0,NEW GENERATION,1978,450000.0,,50,4,50 years 4 months,True,price_outlier_iqr_town_flattype,242500.0,446500.0,above upper (high)
2015-08,GEYLANG,3 ROOM,31,EUNOS CRES,10 TO 12,60.0,MODEL A,2007,450000.0,90.0,79,4,79 years 4 months,True,price_outlier_iqr_town_flattype,195000.0,435000.0,above upper (high)
2013-06,ANG MO KIO,3 ROOM,502,ANG MO KIO AVE 5,04 TO 06,82.0,NEW GENERATION,1981,450000.0,,53,4,53 years 4 months,True,price_outlier_iqr_town_flattype,242500.0,446500.0,above upper (high)
2013-03,GEYLANG,3 ROOM,9,HAIG RD,13 TO 15,70.0,IMPROVED,1976,450000.0,,48,4,48 years 4 months,True,price_outlier_iqr_town_flattype,195000.0,435000.0,above upper (high)
2012-12,TAMPINES,3 ROOM,236,TAMPINES ST 21,10 TO 12,73.0,MODEL A,1984,450000.0,,56,4,56 years 4 months,True,price_outlier_iqr_town_flattype,262500.0,434500.0,above upper (high)
2015-04,QUEENSTOWN,4 ROOM,168A,QUEENSWAY,04 TO 06,84.0,IMPROVED,1974,450000.0,58.0,46,4,46 years 4 months,True,price_outlier_iqr_town_flattype,472500.0,892500.0,below lower (low)
2013-01,BEDOK,3 ROOM,201,BEDOK NTH ST 1,04 TO 06,73.0,NEW GENERATION,1979,450000.0,,51,4,51 years 4 months,True,price_outlier_iqr_town_flattype,236000.0,420000.0,above upper (high)
2015-08,SENGKANG,EXECUTIVE,307B,ANCHORVALE RD,01 TO 03,125.0,APARTMENT,2001,450000.0,85.0,73,4,73 years 4 months,True,price_outlier_iqr_town_flattype,462500.0,722500.0,below lower (low)
2016-05,ANG MO KIO,3 ROOM,343,ANG MO KIO AVE 3,04 TO 06,88.0,NEW GENERATION,1978,450000.0,60.0,50,4,50 years 4 months,True,price_outlier_iqr_town_flattype,242500.0,446500.0,above upper (high)
2016-06,ANG MO KIO,3 ROOM,345,ANG MO KIO AVE 3,07 TO 09,88.0,NEW GENERATION,1978,450000.0,60.0,50,4,50 years 4 months,True,price_outlier_iqr_town_flattype,242500.0,446500.0,above upper (high)
2013-05,GEYLANG,3 ROOM,36,EUNOS CRES,07 TO 09,60.0,MODEL A,2006,450000.0,,78,4,78 years 4 months,True,price_outlier_iqr_town_flattype,195000.0,435000.0,above upper (high)
2016-08,QUEENSTOWN,4 ROOM,23B,QUEEN'S CL,07 TO 09,89.0,IMPROVED,1973,450000.0,55.0,45,4,45 years 4 months,True,price_outlier_iqr_town_flattype,472500.0,892500.0,below lower (low)
2015-07,BEDOK,3 ROOM,221C,BEDOK CTRL,04 TO 06,69.0,MODEL A,2010,450000.0,93.0,82,4,82 years 4 months,True,price_outlier_iqr_town_flattype,236000.0,420000.0,above upper (high)
2012-09,QUEENSTOWN,4 ROOM,168A,QUEENSWAY,13 TO 15,84.0,IMPROVED,1974,450000.0,,46,4,46 years 4 months,True,price_outlier_iqr_town_flattype,472500.0,892500.0,below lower (low)
2012-07,GEYLANG,3 ROOM,32,EUNOS CRES,07 TO 09,60.0,MODEL A,2007,450000.0,,79,4,79 years 4 months,True,price_outlier_iqr_town_flattype,195000.0,435000.0,above upper (high)
2016-06,SENGKANG,EXECUTIVE,122B,SENGKANG EAST WAY,01 TO 03,129.0,APARTMENT,2000,449000.0,83.0,72,4,72 years 4 months,True,price_outlier_iqr_town_flattype,462500.0,722500.0,below lower (low)
2013-01,ANG MO KIO,3 ROOM,345,ANG MO KIO AVE 3,10 TO 12,73.0,NEW GENERATION,1978,448000.0,,50,4,50 years 4 months,True,price_outlier_iqr_town_flattype,242500.0,446500.0,above upper (high)
2013-04,ANG MO KIO,3 ROOM,540,ANG MO KIO AVE 10,10 TO 12,82.0,NEW GENERATION,1981,448000.0,,53,4,53 years 4 months,True,price_outlier_iqr_town_flattype,242500.0,446500.0,above upper (high)
2013-02,ANG MO KIO,3 ROOM,343,ANG MO KIO AVE 3,10 TO 12,73.0,NEW GENERATION,1978,448000.0,,50,4,50 years 4 months,True,price_outlier_iqr_town_flattype,242500.0,446500.0,above upper (high)
2012-09,TAMPINES,3 ROOM,246,TAMPINES ST 21,01 TO 03,82.0,NEW GENERATION,1984,448000.0,,56,4,56 years 4 months,True,price_outlier_iqr_town_flattype,262500.0,434500.0,above upper (high)
2012-11,ANG MO KIO,3 ROOM,417,ANG MO KIO AVE 10,10 TO 12,89.0,NEW GENERATION,1979,448000.0,,51,4,51 years 4 months,True,price_outlier_iqr_town_flattype,242500.0,446500.0,above upper (high)
2013-06,BEDOK,3 ROOM,134,BEDOK NTH ST 2,07 TO 09,82.0,NEW GENERATION,1978,448000.0,,50,4,50 years 4 months,True,price_outlier_iqr_town_flattype,236000.0,420000.0,above upper (high)
2012-05,QUEENSTOWN,4 ROOM,15,GHIM MOH RD,01 TO 05,82.0,IMPROVED,1977,446000.0,,49,4,49 years 4 months,True,price_outlier_iqr_town_flattype,472500.0,892500.0,below lower (low)
2015-10,QUEENSTOWN,4 ROOM,168A,QUEENSWAY,04 TO 06,84.0,IMPROVED,1974,445000.0,57.0,46,4,46 years 4 months,True,price_outlier_iqr_town_flattype,472500.0,892500.0,below lower (low)
2014-02,TAMPINES,3 ROOM,150,TAMPINES ST 12,07 TO 09,73.0,MODEL A,1984,445000.0,,56,4,56 years 4 months,True,price_outlier_iqr_town_flattype,262500.0,434500.0,above upper (high)
2013-08,GEYLANG,3 ROOM,3,JOO CHIAT RD,16 TO 18,75.0,MODEL A,1985,445000.0,,57,4,57 years 4 months,True,price_outlier_iqr_town_flattype,195000.0,435000.0,above upper (high)
2014-09,GEYLANG,3 ROOM,12,PINE CL,07 TO 09,82.0,NEW GENERATION,1981,445000.0,,53,4,53 years 4 months,True,price_outlier_iqr_town_flattype,195000.0,435000.0,above upper (high)
2012-03,GEYLANG,3 ROOM,36,EUNOS CRES,11 TO 15,60.0,MODEL A,2006,443888.0,,78,4,78 years 4 months,True,price_outlier_iqr_town_flattype,195000.0,435000.0,above upper (high)
2012-08,BEDOK,3 ROOM,103,BEDOK NTH AVE 4,07 TO 09,81.0,NEW GENERATION,1977,443000.0,,49,4,49 years 4 months,True,price_outlier_iqr_town_flattype,236000.0,420000.0,above upper (high)
2013-07,SENGKANG,3 ROOM,302B,ANCHORVALE LINK,13 TO 15,83.0,MODEL A,2007,443000.0,,79,4,79 years 4 months,True,price_outlier_iqr_town_flattype,308750.0,422750.0,above upper (high)
2012-01,BUKIT MERAH,2 ROOM,44,MOH GUAN TER,01 TO 03,67.0,STANDARD,1973,442000.0,,45,4,45 years 4 months,True,price_outlier_iqr_town_flattype,196000.0,355600.0,above upper (high)
2016-03,GEYLANG,3 ROOM,58,DAKOTA CRES,10 TO 12,74.0,MODEL A,1984,440000.0,67.0,56,4,56 years 4 months,True,price_outlier_iqr_town_flattype,195000.0,435000.0,above upper (high)
2016-03,MARINE PARADE,4 ROOM,35,MARINE CRES,01 TO 03,82.0,IMPROVED,1975,440000.0,58.0,47,4,47 years 4 months,True,price_outlier_iqr_town_flattype,453250.0,631250.0,below lower (low)
2013-05,GEYLANG,3 ROOM,3,HAIG RD,07 TO 09,76.0,IMPROVED,1976,440000.0,,48,4,48 years 4 months,True,price_outlier_iqr_town_flattype,195000.0,435000.0,above upper (high)
2014-04,BEDOK,3 ROOM,220A,BEDOK CTRL,07 TO 09,62.0,MODEL A,2010,440000.0,,82,4,82 years 4 months,True,price_outlier_iqr_town_flattype,236000.0,420000.0,above upper (high)
2016-12,GEYLANG,3 ROOM,3,JOO CHIAT RD,16 TO 18,79.0,MODEL A,1985,440000.0,68.0,57,4,57 years 4 months,True,price_outlier_iqr_town_flattype,195000.0,435000.0,above upper (high)
2013-04,TAMPINES,3 ROOM,236,TAMPINES ST 21,10 TO 12,73.0,MODEL A,1984,440000.0,,56,4,56 years 4 months,True,price_outlier_iqr_town_flattype,262500.0,434500.0,above upper (high)
2015-05,GEYLANG,3 ROOM,31,EUNOS CRES,19 TO 21,60.0,MODEL A,2007,440000.0,90.0,79,4,79 years 4 months,True,price_outlier_iqr_town_flattype,195000.0,435000.0,above upper (high)
2013-03,BEDOK,3 ROOM,418,BEDOK NTH AVE 2,04 TO 06,82.0,NEW GENERATION,1978,440000.0,,50,4,50 years 4 months,True,price_outlier_iqr_town_flattype,236000.0,420000.0,above upper (high)
2014-11,GEYLANG,3 ROOM,31,EUNOS CRES,19 TO 21,60.0,MODEL A,2007,440000.0,,79,4,79 years 4 months,True,price_outlier_iqr_town_flattype,195000.0,435000.0,above upper (high)
2016-01,GEYLANG,3 ROOM,32,EUNOS CRES,10 TO 12,60.0,MODEL A,2007,440000.0,90.0,79,4,79 years 4 months,True,price_outlier_iqr_town_flattype,195000.0,435000.0,above upper (high)
2013-10,BEDOK,3 ROOM,416,BEDOK NTH AVE 2,07 TO 09,82.0,NEW GENERATION,1978,440000.0,,50,4,50 years 4 months,True,price_outlier_iqr_town_flattype,236000.0,420000.0,above upper (high)
2015-10,SENGKANG,EXECUTIVE,313D,ANCHORVALE RD,01 TO 03,125.0,PREMIUM APARTMENT,2003,440000.0,86.0,75,4,75 years 4 months,True,price_outlier_iqr_town_flattype,462500.0,722500.0,below lower (low)
2014-02,BEDOK,3 ROOM,221C,BEDOK CTRL,04 TO 06,69.0,MODEL A,2010,440000.0,,82,4,82 years 4 months,True,price_outlier_iqr_town_flattype,236000.0,420000.0,above upper (high)
2016-06,GEYLANG,3 ROOM,36,EUNOS CRES,07 TO 09,60.0,MODEL A,2006,440000.0,89.0,78,4,78 years 4 months,True,price_outlier_iqr_town_flattype,195000.0,435000.0,above upper (high)
2016-09,GEYLANG,3 ROOM,31,EUNOS CRES,04 TO 06,60.0,MODEL A,2007,438000.0,89.0,79,4,79 years 4 months,True,price_outlier_iqr_town_flattype,195000.0,435000.0,above upper (high)
2012-08,GEYLANG,3 ROOM,33,EUNOS CRES,10 TO 12,60.0,MODEL A,2007,438000.0,,79,4,79 years 4 months,True,price_outlier_iqr_town_flattype,195000.0,435000.0,above upper (high)
2012-08,GEYLANG,3 ROOM,33,EUNOS CRES,01 TO 03,60.0,MODEL A,2007,438000.0,,79,4,79 years 4 months,True,price_outlier_iqr_town_flattype,195000.0,435000.0,above upper (high)
2015-11,BEDOK,3 ROOM,24,NEW UPP CHANGI RD,10 TO 12,88.0,NEW GENERATION,1978,438000.0,61.0,50,4,50 years 4 months,True,price_outlier_iqr_town_flattype,236000.0,420000.0,above upper (high)
2013-09,BEDOK,3 ROOM,201,BEDOK NTH ST 1,07 TO 09,73.0,NEW GENERATION,1979,438000.0,,51,4,51 years 4 months,True,price_outlier_iqr_town_flattype,236000.0,420000.0,above upper (high)
2013-11,TAMPINES,3 ROOM,246,TAMPINES ST 21,01 TO 03,82.0,NEW GENERATION,1984,437000.0,,56,4,56 years 4 months,True,price_outlier_iqr_town_flattype,262500.0,434500.0,above upper (high)
2013-06,BEDOK,3 ROOM,410,BEDOK NTH AVE 2,07 TO 09,82.0,NEW GENERATION,1980,436500.0,,52,4,52 years 4 months,True,price_outlier_iqr_town_flattype,236000.0,420000.0,above upper (high)
2014-10,BEDOK,3 ROOM,221B,BEDOK CTRL,01 TO 03,69.0,MODEL A,2010,435000.0,,82,4,82 years 4 months,True,price_outlier_iqr_town_flattype,236000.0,420000.0,above upper (high)
2013-09,BEDOK,3 ROOM,420,BEDOK NTH ST 1,07 TO 09,82.0,NEW GENERATION,1979,435000.0,,51,4,51 years 4 months,True,price_outlier_iqr_town_flattype,236000.0,420000.0,above upper (high)
2012-12,TAMPINES,3 ROOM,252,TAMPINES ST 21,01 TO 03,82.0,NEW GENERATION,1985,435000.0,,57,4,57 years 4 months,True,price_outlier_iqr_town_flattype,262500.0,434500.0,above upper (high)
2013-02,BEDOK,3 ROOM,423,BEDOK NTH AVE 1,01 TO 03,81.0,NEW GENERATION,1979,435000.0,,51,4,51 years 4 months,True,price_outlier_iqr_town_flattype,236000.0,420000.0,above upper (high)
2016-09,BEDOK,3 ROOM,219A,BEDOK CTRL,04 TO 06,62.0,MODEL A,2010,435000.0,92.0,82,4,82 years 4 months,True,price_outlier_iqr_town_flattype,236000.0,420000.0,above upper (high)
2012-08,BEDOK,3 ROOM,425,BEDOK NTH RD,07 TO 09,82.0,NEW GENERATION,1979,435000.0,,51,4,51 years 4 months,True,price_outlier_iqr_town_flattype,236000.0,420000.0,above upper (high)
2013-04,BEDOK,3 ROOM,210,NEW UPP CHANGI RD,04 TO 06,94.0,NEW GENERATION,1980,435000.0,,52,4,52 years 4 months,True,price_outlier_iqr_town_flattype,236000.0,420000.0,above upper (high)
2016-04,SENGKANG,EXECUTIVE,312B,ANCHORVALE LANE,01 TO 03,126.0,PREMIUM APARTMENT,2002,433000.0,85.0,74,4,74 years 4 months,True,price_outlier_iqr_town_flattype,462500.0,722500.0,below lower (low)
2013-11,BEDOK,3 ROOM,221B,BEDOK CTRL,01 TO 03,69.0,MODEL A,2010,433000.0,,82,4,82 years 4 months,True,price_outlier_iqr_town_flattype,236000.0,420000.0,above upper (high)
2012-07,BEDOK,3 ROOM,40,BEDOK STH RD,07 TO 09,82.0,NEW GENERATION,1978,433000.0,,50,4,50 years 4 months,True,price_outlier_iqr_town_flattype,236000.0,420000.0,above upper (high)
2013-05,BEDOK,3 ROOM,540,BEDOK NTH ST 3,10 TO 12,82.0,NEW GENERATION,1980,432000.0,,52,4,52 years 4 months,True,price_outlier_iqr_town_flattype,236000.0,420000.0,above upper (high)
2012-08,BEDOK,3 ROOM,24,NEW UPP CHANGI RD,13 TO 15,73.0,NEW GENERATION,1978,430000.0,,50,4,50 years 4 months,True,price_outlier_iqr_town_flattype,236000.0,420000.0,above upper (high)
2016-03,JURONG WEST,EXECUTIVE,274B,JURONG WEST ST 25,07 TO 09,126.0,APARTMENT,2002,430000.0,84.0,74,4,74 years 4 months,True,price_outlier_iqr_town_flattype,435000.0,715000.0,below lower (low)
2012-12,SENGKANG,3 ROOM,302B,ANCHORVALE LINK,07 TO 09,83.0,MODEL A,2007,430000.0,,79,4,79 years 4 months,True,price_outlier_iqr_town_flattype,308750.0,422750.0,above upper (high)
2014-04,BEDOK,3 ROOM,201,BEDOK NTH ST 1,07 TO 09,88.0,NEW GENERATION,1979,430000.0,,51,4,51 years 4 months,True,price_outlier_iqr_town_flattype,236000.0,420000.0,above upper (high)
2013-05,BEDOK,3 ROOM,103,BEDOK NTH AVE 4,07 TO 09,81.0,NEW GENERATION,1977,430000.0,,49,4,49 years 4 months,True,price_outlier_iqr_town_flattype,236000.0,420000.0,above upper (high)
2013-09,BEDOK,3 ROOM,116,BEDOK NTH RD,13 TO 15,88.0,NEW GENERATION,1978,430000.0,,50,4,50 years 4 months,True,price_outlier_iqr_town_flattype,236000.0,420000.0,above upper (high)
2016-10,QUEENSTOWN,5 ROOM,18C,HOLLAND DR,37 TO 39,117.0,IMPROVED,2012,430000.0,94.0,84,4,84 years 4 months,True,price_outlier_iqr_town_flattype,674501.0,1009165.0,below lower (low)
2012-05,BEDOK,3 ROOM,100,BEDOK NTH AVE 4,11 TO 15,82.0,NEW GENERATION,1978,427500.0,,50,4,50 years 4 months,True,price_outlier_iqr_town_flattype,236000.0,420000.0,above upper (high)
2013-10,BEDOK,3 ROOM,201,BEDOK NTH ST 1,07 TO 09,73.0,NEW GENERATION,1979,427000.0,,51,4,51 years 4 months,True,price_outlier_iqr_town_flattype,236000.0,420000.0,above upper (high)
2014-03,BEDOK,3 ROOM,219A,BEDOK CTRL,04 TO 06,69.0,MODEL A,2010,427000.0,,82,4,82 years 4 months,True,price_outlier_iqr_town_flattype,236000.0,420000.0,above upper (high)
2013-06,BEDOK,3 ROOM,54,CHAI CHEE ST,10 TO 12,82.0,NEW GENERATION,1981,426500.0,,53,4,53 years 4 months,True,price_outlier_iqr_town_flattype,236000.0,420000.0,above upper (high)
2013-09,BEDOK,3 ROOM,409,BEDOK NTH AVE 2,07 TO 09,82.0,NEW GENERATION,1980,426000.0,,52,4,52 years 4 months,True,price_outlier_iqr_town_flattype,236000.0,420000.0,above upper (high)
2015-07,BEDOK,3 ROOM,201,BEDOK NTH ST 1,04 TO 06,88.0,NEW GENERATION,1979,425000.0,63.0,51,4,51 years 4 months,True,price_outlier_iqr_town_flattype,236000.0,420000.0,above upper (high)
2012-12,BEDOK,3 ROOM,548,BEDOK NTH AVE 1,07 TO 09,82.0,NEW GENERATION,1980,425000.0,,52,4,52 years 4 months,True,price_outlier_iqr_town_flattype,236000.0,420000.0,above upper (high)
2015-06,BEDOK,3 ROOM,218,BEDOK NTH ST 1,04 TO 06,83.0,NEW GENERATION,1980,425000.0,63.0,52,4,52 years 4 months,True,price_outlier_iqr_town_flattype,236000.0,420000.0,above upper (high)
2012-08,BEDOK,3 ROOM,109,BEDOK NTH RD,04 TO 06,82.0,NEW GENERATION,1977,425000.0,,49,4,49 years 4 months,True,price_outlier_iqr_town_flattype,236000.0,420000.0,above upper (high)
2013-07,BEDOK,3 ROOM,542,BEDOK NTH ST 3,07 TO 09,82.0,NEW GENERATION,1985,425000.0,,57,4,57 years 4 months,True,price_outlier_iqr_town_flattype,236000.0,420000.0,above upper (high)
2012-06,BEDOK,3 ROOM,416,BEDOK NTH AVE 2,04 TO 06,82.0,NEW GENERATION,1978,425000.0,,50,4,50 years 4 months,True,price_outlier_iqr_town_flattype,236000.0,420000.0,above upper (high)
2012-05,BEDOK,3 ROOM,22,BEDOK STH AVE 1,01 TO 05,88.0,NEW GENERATION,1977,425000.0,,49,4,49 years 4 months,True,price_outlier_iqr_town_flattype,236000.0,420000.0,above upper (high)
2014-10,BEDOK,3 ROOM,221C,BEDOK CTRL,01 TO 03,69.0,MODEL A,2010,425000.0,,82,4,82 years 4 months,True,price_outlier_iqr_town_flattype,236000.0,420000.0,above upper (high)
2015-05,QUEENSTOWN,4 ROOM,168A,QUEENSWAY,01 TO 03,84.0,IMPROVED,1974,423000.0,58.0,46,4,46 years 4 months,True,price_outlier_iqr_town_flattype,472500.0,892500.0,below lower (low)
2013-01,BEDOK,3 ROOM,22,BEDOK STH AVE 1,04 TO 06,73.0,NEW GENERATION,1977,423000.0,,49,4,49 years 4 months,True,price_outlier_iqr_town_flattype,236000.0,420000.0,above upper (high)
2012-05,BEDOK,3 ROOM,424,BEDOK NTH AVE 1,11 TO 15,82.0,NEW GENERATION,1979,422000.0,,51,4,51 years 4 months,True,price_outlier_iqr_town_flattype,236000.0,420000.0,above upper (high)
2015-08,JURONG EAST,3 ROOM,202,JURONG EAST ST 21,01 TO 03,83.0,NEW GENERATION,1989,422000.0,72.0,61,4,61 years 4 months,True,price_outlier_iqr_town_flattype,240000.0,408000.0,above upper (high)
2016-05,JURONG WEST,EXECUTIVE,906,JURONG WEST ST 91,07 TO 09,141.0,APARTMENT,1989,422000.0,71.0,61,4,61 years 4 months,True,price_outlier_iqr_town_flattype,435000.0,715000.0,below lower (low)
2013-05,JURONG EAST,3 ROOM,241,JURONG EAST ST 24,13 TO 15,84.0,NEW GENERATION,1983,420000.0,,55,4,55 years 4 months,True,price_outlier_iqr_town_flattype,240000.0,408000.0,above upper (high)
2013-02,JURONG WEST,3 ROOM,530,JURONG WEST ST 52,10 TO 12,82.0,NEW GENERATION,1983,418000.0,,55,4,55 years 4 months,True,price_outlier_iqr_town_flattype,205500.0,409500.0,above upper (high)
2012-11,JURONG WEST,3 ROOM,525,JURONG WEST ST 52,10 TO 12,81.0,NEW GENERATION,1982,415000.0,,54,4,54 years 4 months,True,price_outlier_iqr_town_flattype,205500.0,409500.0,above upper (high)
2016-02,PUNGGOL,3 ROOM,306D,PUNGGOL DR,10 TO 12,67.0,PREMIUM APARTMENT,2012,415000.0,95.0,84,4,84 years 4 months,True,price_outlier_iqr_town_flattype,318625.0,413625.0,above upper (high)
2016-06,SENGKANG,EXECUTIVE,310B,ANCHORVALE RD,01 TO 03,126.0,PREMIUM APARTMENT,2003,415000.0,85.0,75,4,75 years 4 months,True,price_outlier_iqr_town_flattype,462500.0,722500.0,below lower (low)
2013-07,JURONG WEST,3 ROOM,484,JURONG WEST AVE 1,07 TO 09,82.0,NEW GENERATION,1985,415000.0,,57,4,57 years 4 months,True,price_outlier_iqr_town_flattype,205500.0,409500.0,above upper (high)
2015-08,JURONG WEST,EXECUTIVE,274C,JURONG WEST ST 25,01 TO 03,126.0,APARTMENT,2002,415000.0,85.0,74,4,74 years 4 months,True,price_outlier_iqr_town_flattype,435000.0,715000.0,below lower (low)
2012-12,JURONG WEST,3 ROOM,515,JURONG WEST ST 52,10 TO 12,74.0,MODEL A,1984,413888.0,,56,4,56 years 4 months,True,price_outlier_iqr_town_flattype,205500.0,409500.0,above upper (high)
2013-04,JURONG WEST,3 ROOM,525,JURONG WEST ST 52,10 TO 12,81.0,NEW GENERATION,1982,412000.0,,54,4,54 years 4 months,True,price_outlier_iqr_town_flattype,205500.0,409500.0,above upper (high)
2012-12,YISHUN,3 ROOM,808,YISHUN RING RD,10 TO 12,74.0,MODEL A,1987,411888.0,,59,4,59 years 4 months,True,price_outlier_iqr_town_flattype,235000.0,387000.0,above upper (high)
2014-08,JURONG EAST,3 ROOM,210,JURONG EAST ST 21,04 TO 06,82.0,NEW GENERATION,1983,410000.0,,55,4,55 years 4 months,True,price_outlier_iqr_town_flattype,240000.0,408000.0,above upper (high)
2013-06,JURONG WEST,3 ROOM,524,JURONG WEST ST 52,07 TO 09,82.0,NEW GENERATION,1982,410000.0,,54,4,54 years 4 months,True,price_outlier_iqr_town_flattype,205500.0,409500.0,above upper (high)
2013-01,YISHUN,3 ROOM,742,YISHUN AVE 5,07 TO 09,82.0,NEW GENERATION,1985,408000.0,,57,4,57 years 4 months,True,price_outlier_iqr_town_flattype,235000.0,387000.0,above upper (high)
2012-11,BUKIT BATOK,3 ROOM,103,BT BATOK CTRL,07 TO 09,77.0,MODEL A,1985,405000.0,,57,4,57 years 4 months,True,price_outlier_iqr_town_flattype,225000.0,393000.0,above upper (high)
2013-07,BUKIT BATOK,3 ROOM,205,BT BATOK ST 21,10 TO 12,73.0,MODEL A,1985,400000.0,,57,4,57 years 4 months,True,price_outlier_iqr_town_flattype,225000.0,393000.0,above upper (high)
2013-08,YISHUN,3 ROOM,806,YISHUN RING RD,07 TO 09,74.0,MODEL A,1987,400000.0,,59,4,59 years 4 months,True,price_outlier_iqr_town_flattype,235000.0,387000.0,above upper (high)
2013-01,YISHUN,3 ROOM,736,YISHUN ST 72,01 TO 03,82.0,NEW GENERATION,1984,400000.0,,56,4,56 years 4 months,True,price_outlier_iqr_town_flattype,235000.0,387000.0,above upper (high)
2015-04,QUEENSTOWN,4 ROOM,23B,QUEEN'S CL,01 TO 03,89.0,IMPROVED,1973,400000.0,57.0,45,4,45 years 4 months,True,price_outlier_iqr_town_flattype,472500.0,892500.0,below lower (low)
2013-05,YISHUN,3 ROOM,709,YISHUN AVE 5,04 TO 06,82.0,NEW GENERATION,1984,398000.0,,56,4,56 years 4 months,True,price_outlier_iqr_town_flattype,235000.0,387000.0,above upper (high)
2013-04,BUKIT BATOK,3 ROOM,180,BT BATOK WEST AVE 8,04 TO 06,82.0,NEW GENERATION,1984,398000.0,,56,4,56 years 4 months,True,price_outlier_iqr_town_flattype,225000.0,393000.0,above upper (high)
2013-08,WOODLANDS,3 ROOM,166,WOODLANDS ST 13,04 TO 06,82.0,NEW GENERATION,1986,393000.0,,58,4,58 years 4 months,True,price_outlier_iqr_town_flattype,213500.0,385500.0,above upper (high)
2016-08,JURONG WEST,EXECUTIVE,274B,JURONG WEST ST 25,01 TO 03,126.0,APARTMENT,2002,393000.0,84.0,74,4,74 years 4 months,True,price_outlier_iqr_town_flattype,435000.0,715000.0,below lower (low)
2012-01,YISHUN,3 ROOM,745,YISHUN ST 72,10 TO 12,67.0,NEW GENERATION,1985,393000.0,,57,4,57 years 4 months,True,price_outlier_iqr_town_flattype,235000.0,387000.0,above upper (high)
2013-07,YISHUN,3 ROOM,706,YISHUN AVE 5,04 TO 06,82.0,NEW GENERATION,1984,392000.0,,56,4,56 years 4 months,True,price_outlier_iqr_town_flattype,235000.0,387000.0,above upper (high)
2014-03,YISHUN,3 ROOM,739,YISHUN AVE 5,07 TO 09,82.0,NEW GENERATION,1985,390000.0,,57,4,57 years 4 months,True,price_outlier_iqr_town_flattype,235000.0,387000.0,above upper (high)
2016-12,HOUGANG,5 ROOM,567,HOUGANG ST 51,01 TO 03,121.0,IMPROVED,1997,390000.0,79.0,69,4,69 years 4 months,True,price_outlier_iqr_town_flattype,395500.0,647500.0,below lower (low)
2013-07,YISHUN,3 ROOM,802,YISHUN RING RD,10 TO 12,74.0,MODEL A,1987,390000.0,,59,4,59 years 4 months,True,price_outlier_iqr_town_flattype,235000.0,387000.0,above upper (high)
2012-06,WOODLANDS,3 ROOM,318,WOODLANDS ST 31,07 TO 09,83.0,MODEL A,1993,387000.0,,65,4,65 years 4 months,True,price_outlier_iqr_town_flattype,213500.0,385500.0,above upper (high)
2016-10,QUEENSTOWN,2 ROOM,26,GHIM MOH LINK,16 TO 18,47.0,MODEL A,2013,368000.0,95.0,85,4,85 years 4 months,True,price_outlier_iqr_town_flattype,215500.0,307500.0,above upper (high)
2013-09,CENTRAL AREA,2 ROOM,32,NEW MKT RD,07 TO 09,52.0,STANDARD,1983,363000.0,,55,4,55 years 4 months,True,price_outlier_iqr_town_flattype,235250.0,337250.0,above upper (high)
2016-10,YISHUN,5 ROOM,288,YISHUN AVE 6,04 TO 06,122.0,IMPROVED,1987,360000.0,69.0,59,4,59 years 4 months,True,price_outlier_iqr_town_flattype,361930.0,598842.0,below lower (low)
2016-06,YISHUN,5 ROOM,289,YISHUN AVE 6,01 TO 03,122.0,IMPROVED,1987,358000.0,70.0,59,4,59 years 4 months,True,price_outlier_iqr_town_flattype,361930.0,598842.0,below lower (low)
2015-08,SENGKANG,5 ROOM,183A,RIVERVALE CRES,01 TO 03,110.0,IMPROVED,2003,355000.0,86.0,75,4,75 years 4 months,True,price_outlier_iqr_town_flattype,355500.0,626700.0,below lower (low)
2016-06,JURONG WEST,5 ROOM,271A,JURONG WEST ST 24,01 TO 03,112.0,PREMIUM APARTMENT,2003,350000.0,86.0,75,4,75 years 4 months,True,price_outlier_iqr_town_flattype,350500.0,610500.0,below lower (low)
2015-11,JURONG WEST,5 ROOM,825,JURONG WEST ST 81,01 TO 03,127.0,IMPROVED,1993,350000.0,77.0,65,4,65 years 4 months,True,price_outlier_iqr_town_flattype,350500.0,610500.0,below lower (low)
2016-08,JURONG WEST,5 ROOM,911,JURONG WEST ST 91,04 TO 06,122.0,IMPROVED,1989,350000.0,71.0,61,4,61 years 4 months,True,price_outlier_iqr_town_flattype,350500.0,610500.0,below lower (low)
2012-10,CENTRAL AREA,2 ROOM,32,NEW MKT RD,04 TO 06,52.0,STANDARD,1983,348000.0,,55,4,55 years 4 months,True,price_outlier_iqr_town_flattype,235250.0,337250.0,above upper (high)
2016-01,WOODLANDS,5 ROOM,9,MARSILING DR,01 TO 03,120.0,STANDARD,1976,345000.0,59.0,48,4,48 years 4 months,True,price_outlier_iqr_town_flattype,350000.0,550000.0,below lower (low)
2015-06,WOODLANDS,5 ROOM,9,MARSILING DR,16 TO 18,117.0,STANDARD,1976,340000.0,59.0,48,4,48 years 4 months,True,price_outlier_iqr_town_flattype,350000.0,550000.0,below lower (low)
2015-05,WOODLANDS,5 ROOM,35,MARSILING DR,01 TO 03,118.0,STANDARD,1977,340000.0,61.0,49,4,49 years 4 months,True,price_outlier_iqr_town_flattype,350000.0,550000.0,below lower (low)
2015-05,WOODLANDS,5 ROOM,9,MARSILING DR,04 TO 06,120.0,STANDARD,1976,338800.0,59.0,48,4,48 years 4 months,True,price_outlier_iqr_town_flattype,350000.0,550000.0,below lower (low)
2013-02,ANG MO KIO,2 ROOM,323,ANG MO KIO AVE 3,01 TO 03,48.0,IMPROVED,1977,315000.0,,49,4,49 years 4 months,True,price_outlier_iqr_town_flattype,212500.0,312500.0,above upper (high)
2012-12,GEYLANG,2 ROOM,81,MACPHERSON LANE,04 TO 06,50.0,STANDARD,1968,310000.0,,40,4,40 years 4 months,True,price_outlier_iqr_town_flattype,194000.0,299600.0,above upper (high)
2013-05,TOA PAYOH,2 ROOM,56,LOR 4 TOA PAYOH,10 TO 12,45.0,STANDARD,1967,310000.0,,39,4,39 years 4 months,True,price_outlier_iqr_town_flattype,206250.0,308250.0,above upper (high)
2016-06,SENGKANG,2 ROOM,445B,FERNVALE RD,19 TO 21,47.0,MODEL A,2012,308000.0,95.0,84,4,84 years 4 months,True,price_outlier_iqr_town_flattype,228750.0,300750.0,above upper (high)
2016-12,MARINE PARADE,3 ROOM,31,MARINE CRES,10 TO 12,65.0,IMPROVED,1975,300000.0,57.0,47,4,47 years 4 months,True,price_outlier_iqr_town_flattype,300500.0,536500.0,below lower (low)
2016-05,BEDOK,4 ROOM,43,BEDOK STH RD,04 TO 06,84.0,IMPROVED,1977,300000.0,60.0,49,4,49 years 4 months,True,price_outlier_iqr_town_flattype,304042.0,567930.0,below lower (low)
2015-10,MARINE PARADE,3 ROOM,34,MARINE CRES,04 TO 06,59.0,IMPROVED,1975,290000.0,58.0,47,4,47 years 4 months,True,price_outlier_iqr_town_flattype,300500.0,536500.0,below lower (low)
2015-11,HOUGANG,4 ROOM,314,HOUGANG AVE 5,01 TO 03,94.0,NEW GENERATION,1993,289300.0,76.0,65,4,65 years 4 months,True,price_outlier_iqr_town_flattype,298000.0,538000.0,below lower (low)
2016-03,WOODLANDS,4 ROOM,8,MARSILING DR,04 TO 06,88.0,IMPROVED,1976,280000.0,58.0,48,4,48 years 4 months,True,price_outlier_iqr_town_flattype,282000.0,490000.0,below lower (low)
2016-05,WOODLANDS,4 ROOM,8,MARSILING DR,04 TO 06,88.0,IMPROVED,1976,278000.0,58.0,48,4,48 years 4 months,True,price_outlier_iqr_town_flattype,282000.0,490000.0,below lower (low)
2016-11,WOODLANDS,4 ROOM,5,MARSILING DR,16 TO 18,90.0,IMPROVED,1974,278000.0,56.0,46,4,46 years 4 months,True,price_outlier_iqr_town_flattype,282000.0,490000.0,below lower (low)
2015-11,SENGKANG,3 ROOM,436B,FERNVALE RD,01 TO 03,69.0,MODEL A,2010,277000.0,93.0,82,4,82 years 4 months,True,price_outlier_iqr_town_flattype,308750.0,422750.0,below lower (low)
2016-11,WOODLANDS,4 ROOM,5,MARSILING DR,10 TO 12,90.0,IMPROVED,1974,270000.0,56.0,46,4,46 years 4 months,True,price_outlier_iqr_town_flattype,282000.0,490000.0,below lower (low)
2016-10,WOODLANDS,4 ROOM,7,MARSILING DR,07 TO 09,90.0,IMPROVED,1976,269500.0,58.0,48,4,48 years 4 months,True,price_outlier_iqr_town_flattype,282000.0,490000.0,below lower (low)
2016-10,WOODLANDS,4 ROOM,5,MARSILING DR,07 TO 09,90.0,IMPROVED,1974,268000.0,56.0,46,4,46 years 4 months,True,price_outlier_iqr_town_flattype,282000.0,490000.0,below lower (low)
2016-11,WOODLANDS,4 ROOM,5,MARSILING DR,07 TO 09,90.0,IMPROVED,1974,258000.0,56.0,46,4,46 years 4 months,True,price_outlier_iqr_town_flattype,282000.0,490000.0,below lower (low)
2012-10,YISHUN,4 ROOM,279,YISHUN ST 22,10 TO 12,104.0,MODEL A,1985,247000.0,,57,4,57 years 4 months,True,price_outlier_iqr_town_flattype,258000.0,506000.0,below lower (low)
2016-12,JURONG EAST,3 ROOM,40,TEBAN GDNS RD,07 TO 09,74.0,IMPROVED,1978,237000.0,60.0,50,4,50 years 4 months,True,price_outlier_iqr_town_flattype,240000.0,408000.0,below lower (low)
2016-11,HOUGANG,3 ROOM,1,HOUGANG AVE 3,04 TO 06,59.0,IMPROVED,1975,225000.0,57.0,47,4,47 years 4 months,True,price_outlier_iqr_town_flattype,228000.0,420000.0,below lower (low)
2016-12,HOUGANG,3 ROOM,1,HOUGANG AVE 3,13 TO 15,59.0,IMPROVED,1975,221000.0,57.0,47,4,47 years 4 months,True,price_outlier_iqr_town_flattype,228000.0,420000.0,below lower (low)
2016-08,QUEENSTOWN,2 ROOM,111,C'WEALTH CRES,01 TO 03,47.0,STANDARD,1969,215000.0,51.0,41,4,41 years 4 months,True,price_outlier_iqr_town_flattype,215500.0,307500.0,below lower (low)
2016-04,QUEENSTOWN,2 ROOM,101,C'WEALTH CRES,01 TO 03,41.0,STANDARD,1970,215000.0,53.0,42,4,42 years 4 months,True,price_outlier_iqr_town_flattype,215500.0,307500.0,below lower (low)
2016-07,KALLANG/WHAMPOA,2 ROOM,7,ST. GEORGE'S LANE,01 TO 03,45.0,IMPROVED,1986,210000.0,68.0,58,4,58 years 4 months,True,price_outlier_iqr_town_flattype,214875.0,321875.0,below lower (low)
2016-02,QUEENSTOWN,2 ROOM,88,C'WEALTH CL,01 TO 03,46.0,STANDARD,1967,200000.0,50.0,39,4,39 years 4 months,True,price_outlier_iqr_town_flattype,215500.0,307500.0,below lower (low)
2016-12,BUKIT MERAH,2 ROOM,2,JLN BT HO SWEE,04 TO 06,35.0,STANDARD,1971,192000.0,53.0,43,4,43 years 4 months,True,price_outlier_iqr_town_flattype,196000.0,355600.0,below lower (low)
2016-12,TOA PAYOH,2 ROOM,56,LOR 4 TOA PAYOH,01 TO 03,40.0,STANDARD,1967,190000.0,49.0,39,4,39 years 4 months,True,price_outlier_iqr_town_flattype,206250.0,308250.0,below lower (low)
